clipId,title,csvType,schemaType,action,sanityId,mappedKeywords,unmappedKeywords
CUR64,"Piece of Eight, 19th century",photo,historicalImage,patched,otUyWOFVcxQBV4wYWlvriV,,Service
DBV01,"Postmasters Certificate, Devault Post office, Devault Beaver, 1/27/1885",photo,historicalImage,patched,otUyWOFVcxQBV4wYWlvsCh,East Whiteland; Business,
CUR65,"Spanish Dollar Coin, 1762",photo,historicalImage,patched,otUyWOFVcxQBV4wYWlvrEJ,,Service
DBV02,"Devault Beaver, 1825 - 1893, gravestone",photo,historicalImage,patched,uBwiUtn9Wx8WqRIUPgZ4Bt,Church,Tredyffrin
DBV03,Devault Beaver document,photo,historicalImage,patched,otUyWOFVcxQBV4wYWlvuh1,Business,
ECH06,Eliza Cathcart home,postcard,historicalImage,patched,otUyWOFVcxQBV4wYWlvv19,donation:109,Tredyffrin; Service
PEO143,Sally Nelson,photo,historicalImage,patched,sZarkGCWKodXiPseaUrFlN,donation:110,Person
PEO142,Isaac M. Anderson family,photo,historicalImage,patched,sZarkGCWKodXiPseaUrFeY,,Person
PEO141,Isaac M. Anderson,photo,historicalImage,patched,uBwiUtn9Wx8WqRIUPgZ6h5,,Charlestown; Person
PEO145,May-Sevcik,photo,historicalImage,patched,otUyWOFVcxQBV4wYWlvxS7,donation:110,Tredyffrin; Person
PEO144,"Sally Nelson, outfitting",photo,historicalImage,patched,uBwiUtn9Wx8WqRIUPgZ9Gq,Business; donation:110,
WSP11,Washingtons Spring,postcard,historicalImage,patched,otUyWOFVcxQBV4wYWlvy6N,Upper Merion,Place
WFC05,"Wilson Farm, Chesterbrook barns",photo,historicalImage,patched,uBwiUtn9Wx8WqRIUPgZELn,Farm; donation:111,Tredyffrin
TEH86,Conestoga Senior High School Marching Band,photo,historicalImage,created,h7jyTqsbY1egLREo29oweY,School; donation:110,Tredyffrin
TEH85,Conestoga High School,photo,historicalImage,created,0YKpiHcLUDtAprmSVOlBGy,School; donation:110,Tredyffrin
WFC06,"Wilson Farm, Chesterbrook barns",photo,historicalImage,patched,otUyWOFVcxQBV4wYWlvzBT,Farm; donation:111,Tredyffrin
WFC07,"Wilson Farm, Chesterbrook barn",photo,historicalImage,patched,sZarkGCWKodXiPseaUrGJU,Farm; donation:111,Tredyffrin
WFC08,"Wilson Farm, Chesterbrook barns",photo,historicalImage,patched,otUyWOFVcxQBV4wYWlw0rT,Farm; donation:111,Tredyffrin
WFC09,"Wilson Farm, Chesterbrook dairy barn",photo,historicalImage,patched,sZarkGCWKodXiPseaUrGkm,Farm; donation:111,Tredyffrin
WFC10,"Wilson Farm, Chesterbrook - sheep in driveway",photo,historicalImage,patched,uBwiUtn9Wx8WqRIUPgZF0s,Farm; donation:111,Tredyffrin
WFC11,"Wilson Farm, Chesterbrook aerial photo",photo,historicalImage,patched,uBwiUtn9Wx8WqRIUPgZFEZ,Farm; donation:111,Tredyffrin
WFC14,"Wilson Farm, Chesterbrook - free range chickens",photo,historicalImage,patched,sZarkGCWKodXiPseaUrH92,Farm; donation:111,Tredyffrin
WFC16,"Wilson Farm, Chesterbrook horse wagon",photo,historicalImage,patched,sZarkGCWKodXiPseaUrHGc,Farm; donation:111,Tredyffrin
WFC15,"Wilson Farm, Chesterbrook Hay Moving",photo,historicalImage,patched,uBwiUtn9Wx8WqRIUPgZHIN,Farm; donation:111,Tredyffrin
WFC18,"Wilson Farm, Chesterbrook main house",photo,historicalImage,patched,sZarkGCWKodXiPseaUrHVm,Farm; donation:111,Tredyffrin
WFC17,"Wilson Farm, Chesterbrook front of main house",photo,historicalImage,patched,sZarkGCWKodXiPseaUrHOC,Farm; donation:111,Tredyffrin
WFC19,"Wilson Farm, Chesterbrook southeast corner",photo,historicalImage,patched,otUyWOFVcxQBV4wYWlw6AF,Farm; donation:111,Tredyffrin
WIL05,"David Wilson, 1860 - 1925",photo,historicalImage,patched,otUyWOFVcxQBV4wYWlw6rr,donation:111,Person
WIL06,"William West Wilson, 1884 - 1976",photo,historicalImage,patched,otUyWOFVcxQBV4wYWlw78d,donation:111,Person
WIL07,William West & Marie Wilson,photo,historicalImage,patched,uBwiUtn9Wx8WqRIUPgZKXD,donation:111,Tredyffrin; Person
BKH31,Washington Inn,postcard,historicalImage,patched,otUyWOFVcxQBV4wYWlwA0R,Upper Merion; Inn; donation:112,
BKH30,"Washington Inn, dining porch",postcard,historicalImage,patched,otUyWOFVcxQBV4wYWlw8eZ,Upper Merion; Inn; donation:112,
WIL08,William West Wilson,photo,historicalImage,patched,sZarkGCWKodXiPseaUrHsW,donation:111,Tredyffrin; Person
FFO01,Freedoms Foundation,postcard,historicalImage,patched,uBwiUtn9Wx8WqRIUPgZOaG,donation:112,Schuylkill; Service
BKH32,Washington Inn,postcard,historicalImage,patched,sZarkGCWKodXiPseaUrI9C,Upper Merion; Inn; donation:112,
BKH33,Washington Inn,postcard,historicalImage,patched,sZarkGCWKodXiPseaUrIEV,Upper Merion; Inn; donation:112,
KCB60,Knox Covered Bridge,postcard,historicalImage,patched,uBwiUtn9Wx8WqRIUPgZQrl,donation:112,Tredyffrin; Road
FW14,Fort Washington,postcard,historicalImage,patched,otUyWOFVcxQBV4wYWlwBT1,Upper Merion; Military; donation:112,
FW15,Fort Washington,postcard,historicalImage,patched,uBwiUtn9Wx8WqRIUPgZPJu,Upper Merion; Military; donation:112,
NCE20,Valley Forge Motel,postcard,historicalImage,patched,otUyWOFVcxQBV4wYWlwDWV,Business; donation:112,Tredyffrin
PTP04,"Valley Forge Toll Gate, PA Turnpike",postcard,historicalImage,patched,uBwiUtn9Wx8WqRIUPgZToL,Upper Merion; donation:112,Road
KCB61,Knox Covered Bridge,postcard,historicalImage,patched,sZarkGCWKodXiPseaUrIgY,donation:112,Tredyffrin; Road
TOH07,Headquarters of Lord Cornwallis,postcard,historicalImage,patched,sZarkGCWKodXiPseaUrIwT,House; donation:112,Tredyffrin
VC35,Valley Creek near Old Forge,postcard,historicalImage,patched,otUyWOFVcxQBV4wYWlwGRf,donation:112,Schuylkill; View
VC34,Valley Creek,postcard,historicalImage,patched,uBwiUtn9Wx8WqRIUPgZV3w,donation:112,Tredyffrin; View
VFP220,Continental Hospital Hut,postcard,historicalImage,patched,otUyWOFVcxQBV4wYWlwGiR,Upper Merion; donation:112,View
VFP222,Old Camp School House,postcard,historicalImage,patched,uBwiUtn9Wx8WqRIUPgZX7k,Upper Merion; School; donation:112,
VFP221,Washington's Marquee,postcard,historicalImage,patched,otUyWOFVcxQBV4wYWlwHnX,Upper Merion; Military; donation:112,
VFP224,Continental Hospital Hut,postcard,historicalImage,patched,uBwiUtn9Wx8WqRIUPgZYED,Upper Merion; Military; donation:112,
VFP225,Line of Entrenchments,postcard,historicalImage,patched,uBwiUtn9Wx8WqRIUPgZYb2,Upper Merion; Military; donation:112,
VFP223,Continental Army Hut,postcard,historicalImage,patched,otUyWOFVcxQBV4wYWlwHuF,Upper Merion; Military; donation:112,
WHQ80,Washington's Headquarters,postcard,historicalImage,patched,sZarkGCWKodXiPseaUrKGL,Upper Merion; House; donation:112,
VFP227,Pennsylvania Columns,postcard,historicalImage,patched,uBwiUtn9Wx8WqRIUPgZiXF,Military; donation:112,Tredyffrin
VFP226,Massachusetts Monument,postcard,historicalImage,patched,uBwiUtn9Wx8WqRIUPgZZ2Q,Upper Merion; Military; donation:112,
WHQ82,Washington's Headquarters,postcard,historicalImage,patched,otUyWOFVcxQBV4wYWlwM7v,Upper Merion; House; donation:112,
WSP12,Washington Spring,postcard,historicalImage,patched,uBwiUtn9Wx8WqRIUPgZlG8,Upper Merion; donation:112,View
WHQ81,Washington's Headquarters,postcard,historicalImage,patched,otUyWOFVcxQBV4wYWlwKsl,Upper Merion; House; donation:112,
CHE61,Chesterbrook Farm,,historicalImage,patched,uBwiUtn9Wx8WqRIUPgZncC,donation:113,Tredyffrin; Places
BFC37,Berwyn Fire Company Centennial,,historicalImage,patched,sZarkGCWKodXiPseaUrKhd,donation:40,Easttown; Organization
BFC38,Berwyn Fire Company Centennial,,historicalImage,patched,uBwiUtn9Wx8WqRIUPgZnOV,donation:40,Easttown; Organisation
CHE62,Chesterbrook Farm,,historicalImage,patched,sZarkGCWKodXiPseaUrKxY,donation:113,Tredyffrin; Places
CHE63,Chesterbrook Farm,,historicalImage,patched,uBwiUtn9Wx8WqRIUPgZpNk,donation:113,Tredyffrin; Places
CHE64,Chesterbrook Farm,,historicalImage,patched,sZarkGCWKodXiPseaUrLO5,donation:113,Tredyffrin; Places
KCB62,Knox Covered Bridge damaged by tree,,historicalImage,patched,uBwiUtn9Wx8WqRIUPgZpg0,donation:47,Tredyffrin; Bridges
KCB63,Knox Covered Bridge damaged by tree,,historicalImage,patched,otUyWOFVcxQBV4wYWlwQSJ,donation:47,Tredyffrin; Bridges
BE228,"Lancaster Pike, Berwyn",Postcard,historicalImage,patched,otUyWOFVcxQBV4wYWlwQLb,,Easttown; Berwyn
BE230,"Berwyn, PA.",Postcard,historicalImage,patched,uBwiUtn9Wx8WqRIUPgZtD6,,Easttown; Berwyn
BE230b,Back of BE230,Postcard,historicalImage,patched,sZarkGCWKodXiPseaUrLla,,
BE229,A view of North Berwyn from Berwyn Station,Postcard,historicalImage,patched,otUyWOFVcxQBV4wYWlwQt9,,Easttown; Berwyn
DEV32,Devon Boulevard Snow Trotters,Photo,historicalImage,patched,uBwiUtn9Wx8WqRIUPgZxhX,,Easttown; Devon
PA187,Paoli News Agency,Photo,historicalImage,patched,sZarkGCWKodXiPseaUrM6o,donation:47,Tredyffrin; Paoli
DEV31,Devon Boulevard Snow Trotters,Photo,historicalImage,patched,otUyWOFVcxQBV4wYWlwS1b,,Easttown; Devon
PA188,Front of Paoli Hardware Store,Photo,historicalImage,patched,sZarkGCWKodXiPseaUrMFu,donation:47,Tredyffrin; Paoli
PA190,Paoli Hardware Store - everything must go,Photo,historicalImage,patched,uBwiUtn9Wx8WqRIUPgZzFO,donation:47,Tredyffrin; Paoli Hardware Store
PA189,Paoli Hardware Store - Greg and Steve,Photo,historicalImage,patched,otUyWOFVcxQBV4wYWlwTUB,donation:47,Tredyffrin; Paoli Hardware Store
PA192,Paoli Hardware Store - 1946 Painting,Photo,historicalImage,patched,sZarkGCWKodXiPseaUrMlk,donation:47,Tredyffrin; Paoli Hardware Store
PA191,Paoli Hardware Store - all sales final,Photo,historicalImage,patched,sZarkGCWKodXiPseaUrMev,donation:47,Tredyffrin; Paoli Hardware Store
PA193,Paoli Hardware Store - Greg,Photo,historicalImage,patched,uBwiUtn9Wx8WqRIUPga2Yn,donation:47,Tredyffrin; Paoli Hardware Store
PA195,Paoli Plaza,Photo,historicalImage,patched,sZarkGCWKodXiPseaUrMxs,donation:96,Tredyffrin; Paoli
PA196,Paoli Station Parking Area and Lancaster Avenue,Photo,historicalImage,patched,sZarkGCWKodXiPseaUrN3B,donation:96,Tredyffrin; Paoli
PA194,Paoli Station Parking Area,Photo,historicalImage,patched,sZarkGCWKodXiPseaUrMvb,donation:96,Tredyffrin
PA197,Paoli Plaza,Photo,historicalImage,patched,otUyWOFVcxQBV4wYWlwWqB,donation:96,Tredyffrin; Paoli
PA198,Paoli Station area,Photo,historicalImage,patched,uBwiUtn9Wx8WqRIUPga5eV,donation:96,Tredyffrin; Paoli
PA199,Paoli Plaza,Photo,historicalImage,patched,uBwiUtn9Wx8WqRIUPga6XH,donation:96,Tredyffrin; Paoli
PA201,Paoli Plaza,Photo,historicalImage,patched,uBwiUtn9Wx8WqRIUPga9Bb,donation:96,Tredyffrin; Paoli
PA200,Paoli Station Parking Area,Photo,historicalImage,patched,uBwiUtn9Wx8WqRIUPga8b5,donation:96,Tredyffrin; Paoli
PA202,"Photographers, Lancaster Avenue, Paoli",Photo,historicalImage,patched,otUyWOFVcxQBV4wYWlwZ3j,donation:47,Tredyffrin; Paoli
PEO146,William Keeley Acker Gravestone,Photo,historicalImage,patched,otUyWOFVcxQBV4wYWlwb0V,donation:47,Tredyffrin; Gravestone
PA203,"Cleared site, Photographer",Photo,historicalImage,patched,uBwiUtn9Wx8WqRIUPga9zo,donation:47,Tredyffrin; Paoli
PEO147,Studebaker event,Photo,historicalImage,patched,sZarkGCWKodXiPseaUrO9P,donation:96,Tredyffrin; Studebaker event
PEO148,Studebaker event,Photo,historicalImage,patched,otUyWOFVcxQBV4wYWlwbel,donation:96,Tredyffrin; Studebaker event
PEO149,Studebaker event,Photo,historicalImage,patched,sZarkGCWKodXiPseaUrON3,donation:96,Tredyffrin; Studebaker event
PEO150,Studebaker event,Photo,historicalImage,patched,otUyWOFVcxQBV4wYWlwcPj,donation:96,Tredyffrin; Studebaker event
POK13,Pennokla Farm,Photo,historicalImage,patched,sZarkGCWKodXiPseaUrOZw,donation:47,Tredyffrin; Pennokla Farm
POK14,Pennokla Farm,Photo,historicalImage,patched,sZarkGCWKodXiPseaUrOcy,donation:47,Tredyffrin; Pennokla Farm
PEO151,Studebaker event,Photo,historicalImage,patched,otUyWOFVcxQBV4wYWlwdAh,donation:96,Tredyffrin; Studebaker event
QTC01,Quaker Trailer Company -Display Room,Photo,historicalImage,patched,uBwiUtn9Wx8WqRIUPgaFsy,donation:109,Easttown; Quaker Trailer Company
QTC03,Quaker Trailer Company - Office,Photo,historicalImage,patched,sZarkGCWKodXiPseaUrOpr,donation:109,Easttown; Quaker Trailer Company
QTC02,Quaker Trailer Company -Display Room with Driveway,Photo,historicalImage,patched,uBwiUtn9Wx8WqRIUPgaG6f,donation:109,Easttown; Quaker Trailer Company
QTC04,"Quaker Trailer, Quaker Trailer Company",Photo,historicalImage,patched,uBwiUtn9Wx8WqRIUPgaIAT,donation:109,Easttown; Quaker Trailer Company
QTC06,Quaker Trailer Company,Photo,historicalImage,patched,uBwiUtn9Wx8WqRIUPgaIgQ,donation:109,Easttown; Quaker Trailer Company
QTC05,Quaker Trailer Company Display Room,Photo,historicalImage,patched,otUyWOFVcxQBV4wYWlwfHX,donation:109,Easttown; Quaker Trailer Company
QTC08,Quaker Trailer with Possible Robert M. Rakestraw,Photo,historicalImage,patched,otUyWOFVcxQBV4wYWlwgTL,donation:109,Easttown; Quaker Trailer Company
QTC07,"Quaker Trailer, Quaker Trailer Company",Photo,historicalImage,patched,uBwiUtn9Wx8WqRIUPgaJrS,donation:109,Easttown; Quaker Trailer Company
RBE49,A view looking east from Berwyn Station Bridge,Photo,historicalImage,patched,otUyWOFVcxQBV4wYWlwgk7,,Easttown; Berwyn
RBE50,View of the 8-30 train leaving Berwyn,Photo,historicalImage,patched,uBwiUtn9Wx8WqRIUPgaLGB,,Easttown; Berwyn
RBE51,MP-54s approaches WB into Berwyn,Photo,historicalImage,patched,otUyWOFVcxQBV4wYWlwiWp,donation:114,Easttown; Berwyn
RDE17,Railroad Crash near Devon Station,Photo,historicalImage,patched,sZarkGCWKodXiPseaUrPYa,,Easttown; Devon
SCU11,Schuylkill and Catfish Island,Photo,historicalImage,patched,sZarkGCWKodXiPseaUrPvK,Upper Providence; donation:101,Schuylkill
SCU10,"Catfish Island, Schuylkill aerial view",Photo,historicalImage,patched,otUyWOFVcxQBV4wYWlwjsh,Upper Providence; donation:101,Schuylkill
RWL01,Robinson-Welburn Lodge,Photo,historicalImage,patched,uBwiUtn9Wx8WqRIUPgaMDW,,Building
SCU12,"Whistle Point Marker, VFNHP",Photo,historicalImage,patched,sZarkGCWKodXiPseaUrQDW,Upper Providence; donation:101,Schuylkill
SCU13,"Whistle Point Marker, VFNHP",Photo,historicalImage,patched,otUyWOFVcxQBV4wYWlwl7r,Upper Providence; donation:101,Schuylkill
SCU14,"Mile Markers, Schuylkill River",Photo,historicalImage,patched,uBwiUtn9Wx8WqRIUPgaNuV,Upper Providence; donation:101,Schuylkill
SCU15,"Abutments, Schuylkill River",Photo,historicalImage,patched,sZarkGCWKodXiPseaUrQVi,Upper Providence; donation:101,Schuylkill
SCU17,"Abutments, Schuylkill River",Photo,historicalImage,patched,otUyWOFVcxQBV4wYWlwnEh,Upper Providence; donation:101,Schuylkill
SCU16,"Abutments, Schuylkill River",Photo,historicalImage,patched,uBwiUtn9Wx8WqRIUPgaPNn,Upper Providence; donation:101,Schuylkill
SCU20,Schuylkill River Embankment,Photo,historicalImage,patched,otUyWOFVcxQBV4wYWlwoTr,Upper Providence; donation:101,Schuylkill
SCU18,"Abutments, Schuylkill River",Photo,historicalImage,patched,uBwiUtn9Wx8WqRIUPgaRoQ,Upper Providence; donation:101,Schuylkill
SCU19,"Creek, Schuylkill River",Photo,historicalImage,patched,sZarkGCWKodXiPseaUrQhq,Upper Providence; donation:101,Schuylkill
SCU23,"Mile Markers, Schuylkill Division, PRR",Photo,historicalImage,patched,sZarkGCWKodXiPseaUrR0n,Upper Providence; donation:101,Schuylkill
SCU21,"Embankment, Schuylkill River, VFNHP",Photo,historicalImage,patched,sZarkGCWKodXiPseaUrQyW,Upper Providence; donation:101,Schuylkill
SCU22,"Embankment, Schuylkill River",Photo,historicalImage,patched,otUyWOFVcxQBV4wYWlwqQd,Upper Providence; donation:101,Schuylkill
VFP228,Valley Forge Village marker,Photo,historicalImage,patched,uBwiUtn9Wx8WqRIUPgaTwn,donation:30,Schuylkill; Valley Forge
ETS14,Easttown School Certificate,,historicalImage,patched,otUyWOFVcxQBV4wYWlwrmV,,Easttown; School certificate
VFP229,Valley Forge Village marker,Photo,historicalImage,patched,sZarkGCWKodXiPseaUrRHT,donation:30,Schuylkill; Valley Forge
OPA29,"Mainline Airport, summer of 1940",,historicalImage,patched,otUyWOFVcxQBV4wYWlwsyJ,East Whiteland; donation:47,Mainline Airport
OPA28,Mainline / Paoli Airport - Tom Skilton,,historicalImage,patched,uBwiUtn9Wx8WqRIUPgaViL,East Whiteland; donation:47,Mainline airport
OPA30,Morris and Devaney with PhtRyanSTA,photo,historicalImage,patched,sZarkGCWKodXiPseaUrRo4,East Whiteland; donation:47,Mainline Airport
OPA33,"Ryan SCA, Mainline Airport",,historicalImage,patched,uBwiUtn9Wx8WqRIUPgaYRE,East Whiteland; donation:47,Ryan SCA
OPA32,North American BT9,,historicalImage,patched,sZarkGCWKodXiPseaUrS2T,East Whiteland; donation:47,Mainline Airport
OPA31,Morris practices pylon turns,,historicalImage,patched,uBwiUtn9Wx8WqRIUPgaXGC,East Whiteland; donation:47,Mainline Airport
PEO152,Mary McHenry engraving,photo,historicalImage,patched,otUyWOFVcxQBV4wYWlwvFD,,Mary McHenry
PEO153B,Back of PEO153,photo,historicalImage,patched,sZarkGCWKodXiPseaUrSIO,,Mary McHenry
PA204,Lancaster Pike in Paoli looking west,,historicalImage,patched,otUyWOFVcxQBV4wYWlwuyR,donation:2,Tredyffrin; Lancaster Pike
RML40,"Devault Station, PRR",photo,historicalImage,patched,sZarkGCWKodXiPseaUrST0,East Whiteland; donation:116,Devault
PEO153,Mary McHenry,photo,historicalImage,patched,otUyWOFVcxQBV4wYWlwy0J,,Mary McHenry
