archiveId,issue,detail
BE228,place_or_business_subject,"Subject ""Berwyn"" is not a known category (House, Farm, …)."
BE229,place_or_business_subject,"Subject ""Berwyn"" is not a known category (House, Farm, …)."
BE230,place_or_business_subject,"Subject ""Berwyn"" is not a known category (House, Farm, …)."
DEV31,place_or_business_subject,"Subject ""Devon"" is not a known category (House, Farm, …)."
DEV32,place_or_business_subject,"Subject ""Devon"" is not a known category (House, Farm, …)."
PA187,place_or_business_subject,"Subject ""Paoli"" is not a known category (House, Farm, …)."
PA188,place_or_business_subject,"Subject ""Paoli"" is not a known category (House, Farm, …)."
PA189,place_or_business_subject,"Subject ""Paoli Hardware Store"" is not a known category (House, Farm, …)."
PA190,place_or_business_subject,"Subject ""Paoli Hardware Store"" is not a known category (House, Farm, …)."
PA191,place_or_business_subject,"Subject ""Paoli Hardware Store"" is not a known category (House, Farm, …)."
PA192,place_or_business_subject,"Subject ""Paoli Hardware Store"" is not a known category (House, Farm, …)."
PA193,place_or_business_subject,"Subject ""Paoli Hardware Store"" is not a known category (House, Farm, …)."
PA195,place_or_business_subject,"Subject ""Paoli"" is not a known category (House, Farm, …)."
PA196,place_or_business_subject,"Subject ""Paoli"" is not a known category (House, Farm, …)."
PA197,place_or_business_subject,"Subject ""Paoli"" is not a known category (House, Farm, …)."
PA198,place_or_business_subject,"Subject ""Paoli"" is not a known category (House, Farm, …)."
PA199,place_or_business_subject,"Subject ""Paoli"" is not a known category (House, Farm, …)."
PA200,place_or_business_subject,"Subject ""Paoli"" is not a known category (House, Farm, …)."
PA201,place_or_business_subject,"Subject ""Paoli"" is not a known category (House, Farm, …)."
PA202,place_or_business_subject,"Subject ""Paoli"" is not a known category (House, Farm, …)."
PA203,place_or_business_subject,"Subject ""Paoli"" is not a known category (House, Farm, …)."
PEO147,place_or_business_subject,"Subject ""Studebaker event"" is not a known category (House, Farm, …)."
PEO148,place_or_business_subject,"Subject ""Studebaker event"" is not a known category (House, Farm, …)."
PEO149,place_or_business_subject,"Subject ""Studebaker event"" is not a known category (House, Farm, …)."
PEO150,place_or_business_subject,"Subject ""Studebaker event"" is not a known category (House, Farm, …)."
PEO151,place_or_business_subject,"Subject ""Studebaker event"" is not a known category (House, Farm, …)."
POK13,place_or_business_subject,"Subject ""Pennokla Farm"" is not a known category (House, Farm, …)."
POK14,place_or_business_subject,"Subject ""Pennokla Farm"" is not a known category (House, Farm, …)."
QTC01,place_or_business_subject,"Subject ""Quaker Trailer Company"" is not a known category (House, Farm, …)."
QTC02,place_or_business_subject,"Subject ""Quaker Trailer Company"" is not a known category (House, Farm, …)."
QTC03,place_or_business_subject,"Subject ""Quaker Trailer Company"" is not a known category (House, Farm, …)."
QTC04,place_or_business_subject,"Subject ""Quaker Trailer Company"" is not a known category (House, Farm, …)."
QTC05,place_or_business_subject,"Subject ""Quaker Trailer Company"" is not a known category (House, Farm, …)."
QTC06,place_or_business_subject,"Subject ""Quaker Trailer Company"" is not a known category (House, Farm, …)."
QTC07,place_or_business_subject,"Subject ""Quaker Trailer Company"" is not a known category (House, Farm, …)."
QTC08,place_or_business_subject,"Subject ""Quaker Trailer Company"" is not a known category (House, Farm, …)."
RBE49,place_or_business_subject,"Subject ""Berwyn"" is not a known category (House, Farm, …)."
RBE50,place_or_business_subject,"Subject ""Berwyn"" is not a known category (House, Farm, …)."
RBE51,place_or_business_subject,"Subject ""Berwyn"" is not a known category (House, Farm, …)."
RDE17,place_or_business_subject,"Subject ""Devon"" is not a known category (House, Farm, …)."
SCU10,place_or_business_subject,"Subject ""Schuylkill"" is not a known category (House, Farm, …)."
SCU11,place_or_business_subject,"Subject ""Schuylkill"" is not a known category (House, Farm, …)."
SCU12,place_or_business_subject,"Subject ""Schuylkill"" is not a known category (House, Farm, …)."
SCU13,place_or_business_subject,"Subject ""Schuylkill"" is not a known category (House, Farm, …)."
SCU14,place_or_business_subject,"Subject ""Schuylkill"" is not a known category (House, Farm, …)."
SCU15,place_or_business_subject,"Subject ""Schuylkill"" is not a known category (House, Farm, …)."
SCU16,place_or_business_subject,"Subject ""Schuylkill"" is not a known category (House, Farm, …)."
SCU17,place_or_business_subject,"Subject ""Schuylkill"" is not a known category (House, Farm, …)."
SCU18,place_or_business_subject,"Subject ""Schuylkill"" is not a known category (House, Farm, …)."
SCU19,place_or_business_subject,"Subject ""Schuylkill"" is not a known category (House, Farm, …)."
SCU20,place_or_business_subject,"Subject ""Schuylkill"" is not a known category (House, Farm, …)."
SCU21,place_or_business_subject,"Subject ""Schuylkill"" is not a known category (House, Farm, …)."
SCU22,place_or_business_subject,"Subject ""Schuylkill"" is not a known category (House, Farm, …)."
SCU23,place_or_business_subject,"Subject ""Schuylkill"" is not a known category (House, Farm, …)."
VFP228,place_or_business_subject,"Subject ""Valley Forge"" is not a known category (House, Farm, …)."
VFP229,place_or_business_subject,"Subject ""Valley Forge"" is not a known category (House, Farm, …)."
SCU11,place_or_business_subject,"Subject ""Schuylkill"" is not a known category (House, Farm, …)."
ETS14,place_or_business_subject,"Subject ""School certificate"" is not a known category (House, Farm, …)."
OPA28,place_or_business_subject,"Subject ""Mainline airport"" is not a known category (House, Farm, …)."
OPA29,place_or_business_subject,"Subject ""Mainline Airport"" is not a known category (House, Farm, …)."
OPA30,place_or_business_subject,"Subject ""Mainline Airport"" is not a known category (House, Farm, …)."
OPA31,place_or_business_subject,"Subject ""Mainline Airport"" is not a known category (House, Farm, …)."
OPA32,place_or_business_subject,"Subject ""Mainline Airport"" is not a known category (House, Farm, …)."
OPA33,place_or_business_subject,"Subject ""Ryan SCA"" is not a known category (House, Farm, …)."
PA204,place_or_business_subject,"Subject ""Lancaster Pike"" is not a known category (House, Farm, …)."
PEO152,place_or_business_subject,"Subject ""Mary McHenry"" is not a known category (House, Farm, …)."
PEO153B,place_or_business_subject,"Subject ""Mary McHenry"" is not a known category (House, Farm, …)."
RML40,place_or_business_subject,"Subject ""Devault"" is not a known category (House, Farm, …)."
PEO153,place_or_business_subject,"Subject ""Mary McHenry"" is not a known category (House, Farm, …)."
SCU11,duplicate_identifier,2 rows share identifier SCU11.
