filename,url,detail
House.jpg,House.jpg,DOCUMENT_IMAGE_BASE_URL is required to upload document content images on --live
1854-02-07doc591small.jpg,../images/1854-02-07doc591small.jpg,DOCUMENT_IMAGE_BASE_URL is required to upload document content images on --live
ChesterCountyDeedBookIndex.JPG,../images/ChesterCountyDeedBookIndex.JPG,DOCUMENT_IMAGE_BASE_URL is required to upload document content images on --live
FamilySearch.JPG,../images/FamilySearch.JPG,DOCUMENT_IMAGE_BASE_URL is required to upload document content images on --live
"Daylesford,1897atlas.JPG","../images/Daylesford,1897atlas.JPG",DOCUMENT_IMAGE_BASE_URL is required to upload document content images on --live
Doc408small.jpg,../images/Doc408small.jpg,DOCUMENT_IMAGE_BASE_URL is required to upload document content images on --live
1819-05-09doc430small.jpg,../images/1819-05-09doc430small.jpg,DOCUMENT_IMAGE_BASE_URL is required to upload document content images on --live
1830-01-06doc470small.jpg,../images/1830-01-06doc470small.jpg,DOCUMENT_IMAGE_BASE_URL is required to upload document content images on --live
1831-10-12doc478small.jpg,../images/1831-10-12doc478small.jpg,DOCUMENT_IMAGE_BASE_URL is required to upload document content images on --live
1832-12-25doc480small.jpg,../images/1832-12-25doc480small.jpg,DOCUMENT_IMAGE_BASE_URL is required to upload document content images on --live
1837-02-08doc483small.jpg,../images/1837-02-08doc483small.jpg,DOCUMENT_IMAGE_BASE_URL is required to upload document content images on --live
1840-01-21doc484small.jpg,../images/1840-01-21doc484small.jpg,DOCUMENT_IMAGE_BASE_URL is required to upload document content images on --live
1840-02-11doc485small.jpg,../images/1840-02-11doc485small.jpg,DOCUMENT_IMAGE_BASE_URL is required to upload document content images on --live
1840-04-21doc486small.jpg,../images/1840-04-21doc486small.jpg,DOCUMENT_IMAGE_BASE_URL is required to upload document content images on --live
1841-01-12doc487small.jpg,../images/1841-01-12doc487small.jpg,DOCUMENT_IMAGE_BASE_URL is required to upload document content images on --live
1841-01-19doc488small.jpg,../images/1841-01-19doc488small.jpg,DOCUMENT_IMAGE_BASE_URL is required to upload document content images on --live
1841-02-23doc489small.jpg,../images/1841-02-23doc489small.jpg,DOCUMENT_IMAGE_BASE_URL is required to upload document content images on --live
1841-04-13doc490small.jpg,../images/1841-04-13doc490small.jpg,DOCUMENT_IMAGE_BASE_URL is required to upload document content images on --live
1841-11-30doc491small.jpg,../images/1841-11-30doc491small.jpg,DOCUMENT_IMAGE_BASE_URL is required to upload document content images on --live
1842-12-06doc492small.jpg,../images/1842-12-06doc492small.jpg,DOCUMENT_IMAGE_BASE_URL is required to upload document content images on --live
1843-09-26doc493small.jpg,../images/1843-09-26doc493small.jpg,DOCUMENT_IMAGE_BASE_URL is required to upload document content images on --live
1843-09-26doc494small.jpg,../images/1843-09-26doc494small.jpg,DOCUMENT_IMAGE_BASE_URL is required to upload document content images on --live
1843-12-05doc495small.jpg,../images/1843-12-05doc495small.jpg,DOCUMENT_IMAGE_BASE_URL is required to upload document content images on --live
1843-12-05doc496small.jpg,../images/1843-12-05doc496small.jpg,DOCUMENT_IMAGE_BASE_URL is required to upload document content images on --live
1843-12-05doc497small.jpg,../images/1843-12-05doc497small.jpg,DOCUMENT_IMAGE_BASE_URL is required to upload document content images on --live
1843-12-12doc498small.jpg,../images/1843-12-12doc498small.jpg,DOCUMENT_IMAGE_BASE_URL is required to upload document content images on --live
1845-03-11doc509small.jpg,../images/1845-03-11doc509small.jpg,DOCUMENT_IMAGE_BASE_URL is required to upload document content images on --live
1845-09-23doc510small.jpg,../images/1845-09-23doc510small.jpg,DOCUMENT_IMAGE_BASE_URL is required to upload document content images on --live
1845-09-30doc511small.jpg,../images/1845-09-30doc511small.jpg,DOCUMENT_IMAGE_BASE_URL is required to upload document content images on --live
1845-09-30doc512small.jpg,../images/1845-09-30doc512small.jpg,DOCUMENT_IMAGE_BASE_URL is required to upload document content images on --live
1845-11-04doc513small.jpg,../images/1845-11-04doc513small.jpg,DOCUMENT_IMAGE_BASE_URL is required to upload document content images on --live
1845-12-16doc514small.jpg,../images/1845-12-16doc514small.jpg,DOCUMENT_IMAGE_BASE_URL is required to upload document content images on --live
1845-12-16doc515small.jpg,../images/1845-12-16doc515small.jpg,DOCUMENT_IMAGE_BASE_URL is required to upload document content images on --live
1845-12-23doc516small.jpg,../images/1845-12-23doc516small.jpg,DOCUMENT_IMAGE_BASE_URL is required to upload document content images on --live
1845-12-23doc517small.jpg,../images/1845-12-23doc517small.jpg,DOCUMENT_IMAGE_BASE_URL is required to upload document content images on --live
1846-01-27doc518small.jpg,../images/1846-01-27doc518small.jpg,DOCUMENT_IMAGE_BASE_URL is required to upload document content images on --live
1846-01-27doc519small.jpg,../images/1846-01-27doc519small.jpg,DOCUMENT_IMAGE_BASE_URL is required to upload document content images on --live
1846-06-16doc520small.jpg,../images/1846-06-16doc520small.jpg,DOCUMENT_IMAGE_BASE_URL is required to upload document content images on --live
1846-12-15doc521small.jpg,../images/1846-12-15doc521small.jpg,DOCUMENT_IMAGE_BASE_URL is required to upload document content images on --live
1846-12-22doc522small.jpg,../images/1846-12-22doc522small.jpg,DOCUMENT_IMAGE_BASE_URL is required to upload document content images on --live
1846-12-22doc523small.jpg,../images/1846-12-22doc523small.jpg,DOCUMENT_IMAGE_BASE_URL is required to upload document content images on --live
1846-12-22doc524small.jpg,../images/1846-12-22doc524small.jpg,DOCUMENT_IMAGE_BASE_URL is required to upload document content images on --live
1847-02-02doc525small.jpg,../images/1847-02-02doc525small.jpg,DOCUMENT_IMAGE_BASE_URL is required to upload document content images on --live
1847-02-16doc526small.jpg,../images/1847-02-16doc526small.jpg,DOCUMENT_IMAGE_BASE_URL is required to upload document content images on --live
1847-02-23doc527small.jpg,../images/1847-02-23doc527small.jpg,DOCUMENT_IMAGE_BASE_URL is required to upload document content images on --live
1847-03-07doc528small.jpg,../images/1847-03-07doc528small.jpg,DOCUMENT_IMAGE_BASE_URL is required to upload document content images on --live
1847-06-22doc529small.jpg,../images/1847-06-22doc529small.jpg,DOCUMENT_IMAGE_BASE_URL is required to upload document content images on --live
1847-07-06doc530small.jpg,../images/1847-07-06doc530small.jpg,DOCUMENT_IMAGE_BASE_URL is required to upload document content images on --live
1847-08-31doc531small.jpg,../images/1847-08-31doc531small.jpg,DOCUMENT_IMAGE_BASE_URL is required to upload document content images on --live
1847-09-21doc532small.jpg,../images/1847-09-21doc532small.jpg,DOCUMENT_IMAGE_BASE_URL is required to upload document content images on --live
1847-10-19doc533small.jpg,../images/1847-10-19doc533small.jpg,DOCUMENT_IMAGE_BASE_URL is required to upload document content images on --live
1847-11-16doc534small.jpg,../images/1847-11-16doc534small.jpg,DOCUMENT_IMAGE_BASE_URL is required to upload document content images on --live
1848-01-18doc535small.jpg,../images/1848-01-18doc535small.jpg,DOCUMENT_IMAGE_BASE_URL is required to upload document content images on --live
1848-01-18doc535small.jpg,../images/1848-01-18doc535small.jpg,DOCUMENT_IMAGE_BASE_URL is required to upload document content images on --live
1848-01-25doc536small.jpg,../images/1848-01-25doc536small.jpg,DOCUMENT_IMAGE_BASE_URL is required to upload document content images on --live
1848-03-07doc537small.jpg,../images/1848-03-07doc537small.jpg,DOCUMENT_IMAGE_BASE_URL is required to upload document content images on --live
1848-04-11doc538small.jpg,../images/1848-04-11doc538small.jpg,DOCUMENT_IMAGE_BASE_URL is required to upload document content images on --live
1848-05-09doc539small.jpg,../images/1848-05-09doc539small.jpg,DOCUMENT_IMAGE_BASE_URL is required to upload document content images on --live
1848-05-09doc540small.jpg,../images/1848-05-09doc540small.jpg,DOCUMENT_IMAGE_BASE_URL is required to upload document content images on --live
1848-08-16doc541small.jpg,../images/1848-08-16doc541small.jpg,DOCUMENT_IMAGE_BASE_URL is required to upload document content images on --live
1848-10-03doc542small.jpg,../images/1848-10-03doc542small.jpg,DOCUMENT_IMAGE_BASE_URL is required to upload document content images on --live
1848-10-10doc543small.jpg,../images/1848-10-10doc543small.jpg,DOCUMENT_IMAGE_BASE_URL is required to upload document content images on --live
1848-10-24doc544small.jpg,../images/1848-10-24doc544small.jpg,DOCUMENT_IMAGE_BASE_URL is required to upload document content images on --live
1848-11-07doc545small.jpg,../images/1848-11-07doc545small.jpg,DOCUMENT_IMAGE_BASE_URL is required to upload document content images on --live
1849-01-02doc546small.jpg,../images/1849-01-02doc546small.jpg,DOCUMENT_IMAGE_BASE_URL is required to upload document content images on --live
1849-02-13doc547small.jpg,../images/1849-02-13doc547small.jpg,DOCUMENT_IMAGE_BASE_URL is required to upload document content images on --live
1849-02-13doc548small.jpg,../images/1849-02-13doc548small.jpg,DOCUMENT_IMAGE_BASE_URL is required to upload document content images on --live
1849-08-14doc549small.jpg,../images/1849-08-14doc549small.jpg,DOCUMENT_IMAGE_BASE_URL is required to upload document content images on --live
1849-08-21doc550small.jpg,../images/1849-08-21doc550small.jpg,DOCUMENT_IMAGE_BASE_URL is required to upload document content images on --live
1849-09-25doc551small.jpg,../images/1849-09-25doc551small.jpg,DOCUMENT_IMAGE_BASE_URL is required to upload document content images on --live
1849-10-16doc552small.jpg,../images/1849-10-16doc552small.jpg,DOCUMENT_IMAGE_BASE_URL is required to upload document content images on --live
1849-10-20doc553small.jpg,../images/1849-10-20doc553small.jpg,DOCUMENT_IMAGE_BASE_URL is required to upload document content images on --live
1849-10-30doc554small.jpg,../images/1849-10-30doc554small.jpg,DOCUMENT_IMAGE_BASE_URL is required to upload document content images on --live
1849-10-30doc555small.jpg,../images/1849-10-30doc555small.jpg,DOCUMENT_IMAGE_BASE_URL is required to upload document content images on --live
1849-10-30doc556small.jpg,../images/1849-10-30doc556small.jpg,DOCUMENT_IMAGE_BASE_URL is required to upload document content images on --live
1849-10-30doc557small.jpg,../images/1849-10-30doc557small.jpg,DOCUMENT_IMAGE_BASE_URL is required to upload document content images on --live
1849-11-20doc558small.jpg,../images/1849-11-20doc558small.jpg,DOCUMENT_IMAGE_BASE_URL is required to upload document content images on --live
1849-11-27doc559small.jpg,../images/1849-11-27doc559small.jpg,DOCUMENT_IMAGE_BASE_URL is required to upload document content images on --live
1850-02-12doc560small.jpg,../images/1850-02-12doc560small.jpg,DOCUMENT_IMAGE_BASE_URL is required to upload document content images on --live
1850-08-20doc561small.jpg,../images/1850-08-20doc561small.jpg,DOCUMENT_IMAGE_BASE_URL is required to upload document content images on --live
1850-10-01doc562small.jpg,../images/1850-10-01doc562small.jpg,DOCUMENT_IMAGE_BASE_URL is required to upload document content images on --live
1850-10-01doc563small.jpg,../images/1850-10-01doc563small.jpg,DOCUMENT_IMAGE_BASE_URL is required to upload document content images on --live
1850-10-08doc564small.jpg,../images/1850-10-08doc564small.jpg,DOCUMENT_IMAGE_BASE_URL is required to upload document content images on --live
1850-10-15doc565small.jpg,../images/1850-10-15doc565small.jpg,DOCUMENT_IMAGE_BASE_URL is required to upload document content images on --live
1850-10-15doc566small.jpg,../images/1850-10-15doc566small.jpg,DOCUMENT_IMAGE_BASE_URL is required to upload document content images on --live
1850-12-03doc567small.jpg,../images/1850-12-03doc567small.jpg,DOCUMENT_IMAGE_BASE_URL is required to upload document content images on --live
1850-12-10doc568small.jpg,../images/1850-12-10doc568small.jpg,DOCUMENT_IMAGE_BASE_URL is required to upload document content images on --live
1851-02-04doc569small.jpg,../images/1851-02-04doc569small.jpg,DOCUMENT_IMAGE_BASE_URL is required to upload document content images on --live
1851-11-11doc570small.jpg,../images/1851-11-11doc570small.jpg,DOCUMENT_IMAGE_BASE_URL is required to upload document content images on --live
1851-11-25doc571small.jpg,../images/1851-11-25doc571small.jpg,DOCUMENT_IMAGE_BASE_URL is required to upload document content images on --live
1851-12-16doc572small.jpg,../images/1851-12-16doc572small.jpg,DOCUMENT_IMAGE_BASE_URL is required to upload document content images on --live
1851-12-16doc573small.jpg,../images/1851-12-16doc573small.jpg,DOCUMENT_IMAGE_BASE_URL is required to upload document content images on --live
1852-01-13doc574small.jpg,../images/1852-01-13doc574small.jpg,DOCUMENT_IMAGE_BASE_URL is required to upload document content images on --live
1852-02-17doc575small.jpg,../images/1852-02-17doc575small.jpg,DOCUMENT_IMAGE_BASE_URL is required to upload document content images on --live
1852-06-22doc576small.jpg,../images/1852-06-22doc576small.jpg,DOCUMENT_IMAGE_BASE_URL is required to upload document content images on --live
1852-06-22doc577small.jpg,../images/1852-06-22doc577small.jpg,DOCUMENT_IMAGE_BASE_URL is required to upload document content images on --live
1852-09-21doc578small.jpg,../images/1852-09-21doc578small.jpg,DOCUMENT_IMAGE_BASE_URL is required to upload document content images on --live
1852-10-05doc579small.jpg,../images/1852-10-05doc579small.jpg,DOCUMENT_IMAGE_BASE_URL is required to upload document content images on --live
1852-10-26doc580small.jpg,../images/1852-10-26doc580small.jpg,DOCUMENT_IMAGE_BASE_URL is required to upload document content images on --live
1853-01-18doc581small.jpg,../images/1853-01-18doc581small.jpg,DOCUMENT_IMAGE_BASE_URL is required to upload document content images on --live
1853-05-17doc582small.jpg,../images/1853-05-17doc582small.jpg,DOCUMENT_IMAGE_BASE_URL is required to upload document content images on --live
1853-08-09doc583small.jpg,../images/1853-08-09doc583small.jpg,DOCUMENT_IMAGE_BASE_URL is required to upload document content images on --live
1853-08-31doc584small.jpg,../images/1853-08-31doc584small.jpg,DOCUMENT_IMAGE_BASE_URL is required to upload document content images on --live
1853-09-20doc585small.jpg,../images/1853-09-20doc585small.jpg,DOCUMENT_IMAGE_BASE_URL is required to upload document content images on --live
1853-10-04doc586small.jpg,../images/1853-10-04doc586small.jpg,DOCUMENT_IMAGE_BASE_URL is required to upload document content images on --live
1853-10-11doc587small.jpg,../images/1853-10-11doc587small.jpg,DOCUMENT_IMAGE_BASE_URL is required to upload document content images on --live
1853-11-01doc588small.jpg,../images/1853-11-01doc588small.jpg,DOCUMENT_IMAGE_BASE_URL is required to upload document content images on --live
1853-11-08doc589small.jpg,../images/1853-11-08doc589small.jpg,DOCUMENT_IMAGE_BASE_URL is required to upload document content images on --live
1853-11-29doc590small.jpg,../images/1853-11-29doc590small.jpg,DOCUMENT_IMAGE_BASE_URL is required to upload document content images on --live
1854-04-04doc592small.jpg,../images/1854-04-04doc592small.jpg,DOCUMENT_IMAGE_BASE_URL is required to upload document content images on --live
1854-09-12doc593small.jpg,../images/1854-09-12doc593small.jpg,DOCUMENT_IMAGE_BASE_URL is required to upload document content images on --live
1854-10-10doc594small.jpg,../images/1854-10-10doc594small.jpg,DOCUMENT_IMAGE_BASE_URL is required to upload document content images on --live
1854-10-31doc595small.jpg,../images/1854-10-31doc595small.jpg,DOCUMENT_IMAGE_BASE_URL is required to upload document content images on --live
1854-11-07doc596small.jpg,../images/1854-11-07doc596small.jpg,DOCUMENT_IMAGE_BASE_URL is required to upload document content images on --live
1854-11-07doc597small.jpg,../images/1854-11-07doc597small.jpg,DOCUMENT_IMAGE_BASE_URL is required to upload document content images on --live
1854-11-07doc598small.jpg,../images/1854-11-07doc598small.jpg,DOCUMENT_IMAGE_BASE_URL is required to upload document content images on --live
1854-11-09doc599small.jpg,../images/1854-11-09doc599small.jpg,DOCUMENT_IMAGE_BASE_URL is required to upload document content images on --live
1854-11-12doc600small.jpg,../images/1854-11-12doc600small.jpg,DOCUMENT_IMAGE_BASE_URL is required to upload document content images on --live
1854-11-28doc601small.jpg,../images/1854-11-28doc601small.jpg,DOCUMENT_IMAGE_BASE_URL is required to upload document content images on --live
1854-11-28doc602small.jpg,../images/1854-11-28doc602small.jpg,DOCUMENT_IMAGE_BASE_URL is required to upload document content images on --live
1854-11-28doc603small.jpg,../images/1854-11-28doc603small.jpg,DOCUMENT_IMAGE_BASE_URL is required to upload document content images on --live
1881-11-19doc604small.jpg,../images/1881-11-19doc604small.jpg,DOCUMENT_IMAGE_BASE_URL is required to upload document content images on --live
1886-05-17doc605small.jpg,../images/1886-05-17doc605small.jpg,DOCUMENT_IMAGE_BASE_URL is required to upload document content images on --live
1886-12-03doc606small.jpg,../images/1886-12-03doc606small.jpg,DOCUMENT_IMAGE_BASE_URL is required to upload document content images on --live
1901-05-09doc607small.jpg,../images/1901-05-09doc607small.jpg,DOCUMENT_IMAGE_BASE_URL is required to upload document content images on --live
1800-01-19doc662.jpg,../images/1800-01-19doc662.jpg,DOCUMENT_IMAGE_BASE_URL is required to upload document content images on --live
1826-05-17doc664.jpg,../images/1826-05-17doc664.jpg,DOCUMENT_IMAGE_BASE_URL is required to upload document content images on --live
1849-01-16doc665.jpg,../images/1849-01-16doc665.jpg,DOCUMENT_IMAGE_BASE_URL is required to upload document content images on --live
1849-01-16doc665.jpg,../images/1849-01-16doc665.jpg,DOCUMENT_IMAGE_BASE_URL is required to upload document content images on --live
1850-01-15doc667.jpg,../images/1850-01-15doc667.jpg,DOCUMENT_IMAGE_BASE_URL is required to upload document content images on --live
1850-01-15doc668.jpg,../images/1850-01-15doc668.jpg,DOCUMENT_IMAGE_BASE_URL is required to upload document content images on --live
1850-01-15doc669.jpg,../images/1850-01-15doc669.jpg,DOCUMENT_IMAGE_BASE_URL is required to upload document content images on --live
1854-03-25doc670.jpg,../images/1854-03-25doc670.jpg,DOCUMENT_IMAGE_BASE_URL is required to upload document content images on --live
1857-04-07doc671.jpg,../images/1857-04-07doc671.jpg,DOCUMENT_IMAGE_BASE_URL is required to upload document content images on --live
1858-02-06doc672.jpg,../images/1858-02-06doc672.jpg,DOCUMENT_IMAGE_BASE_URL is required to upload document content images on --live
1858-03-23doc673.jpg,../images/1858-03-23doc673.jpg,DOCUMENT_IMAGE_BASE_URL is required to upload document content images on --live
1858-12-04doc674.jpg,../images/1858-12-04doc674.jpg,DOCUMENT_IMAGE_BASE_URL is required to upload document content images on --live
1861-06-01doc675.jpg,../images/1861-06-01doc675.jpg,DOCUMENT_IMAGE_BASE_URL is required to upload document content images on --live
1874-01-03doc676.jpg,../images/1874-01-03doc676.jpg,DOCUMENT_IMAGE_BASE_URL is required to upload document content images on --live
1875-06-10doc677.jpg,../images/1875-06-10doc677.jpg,DOCUMENT_IMAGE_BASE_URL is required to upload document content images on --live
1875-09-04doc678.jpg,../images/1875-09-04doc678.jpg,DOCUMENT_IMAGE_BASE_URL is required to upload document content images on --live
1879-11-24doc679.jpg,../images/1879-11-24doc679.jpg,DOCUMENT_IMAGE_BASE_URL is required to upload document content images on --live
1879-11-26doc680.jpg,../images/1879-11-26doc680.jpg,DOCUMENT_IMAGE_BASE_URL is required to upload document content images on --live
1880-01-29doc681.jpg,../images/1880-01-29doc681.jpg,DOCUMENT_IMAGE_BASE_URL is required to upload document content images on --live
1880-03-05doc682.jpg,../images/1880-03-05doc682.jpg,DOCUMENT_IMAGE_BASE_URL is required to upload document content images on --live
1880-04-02doc683.jpg,../images/1880-04-02doc683.jpg,DOCUMENT_IMAGE_BASE_URL is required to upload document content images on --live
1880-05-15doc684.jpg,../images/1880-05-15doc684.jpg,DOCUMENT_IMAGE_BASE_URL is required to upload document content images on --live
1888-03-23doc685.jpg,../images/1888-03-23doc685.jpg,DOCUMENT_IMAGE_BASE_URL is required to upload document content images on --live
1912-02-08doc686.jpg,../images/1912-02-08doc686.jpg,DOCUMENT_IMAGE_BASE_URL is required to upload document content images on --live
1912-07-31doc687.jpg,../images/1912-07-31doc687.jpg,DOCUMENT_IMAGE_BASE_URL is required to upload document content images on --live
1913-03-10doc688.jpg,../images/1913-03-10doc688.jpg,DOCUMENT_IMAGE_BASE_URL is required to upload document content images on --live
1913-03-19doc689.jpg,../images/1913-03-19doc689.jpg,DOCUMENT_IMAGE_BASE_URL is required to upload document content images on --live
1943-06-11doc690.jpg,../images/1943-06-11doc690.jpg,DOCUMENT_IMAGE_BASE_URL is required to upload document content images on --live
1992-04-11doc691.jpg,../images/1992-04-11doc691.jpg,DOCUMENT_IMAGE_BASE_URL is required to upload document content images on --live
1874-10-02doc692.jpg,../images/1874-10-02doc692.jpg,DOCUMENT_IMAGE_BASE_URL is required to upload document content images on --live
1878-02-02doc693.jpg,../images/1878-02-02doc693.jpg,DOCUMENT_IMAGE_BASE_URL is required to upload document content images on --live
189-04-24doc694.jpg,../images/189-04-24doc694.jpg,DOCUMENT_IMAGE_BASE_URL is required to upload document content images on --live
189-04-24doc694-1.jpg,../images/189-04-24doc694-1.jpg,DOCUMENT_IMAGE_BASE_URL is required to upload document content images on --live
1793-09-21doc695.jpg,../images/1793-09-21doc695.jpg,DOCUMENT_IMAGE_BASE_URL is required to upload document content images on --live
1897-11-17doc696.jpg,../images/1897-11-17doc696.jpg,DOCUMENT_IMAGE_BASE_URL is required to upload document content images on --live
CHE-Bardsmall.jpg,../images/CHE-Bardsmall.jpg,DOCUMENT_IMAGE_BASE_URL is required to upload document content images on --live
CHE-Cadetsmall.jpg,../images/CHE-Cadetsmall.jpg,DOCUMENT_IMAGE_BASE_URL is required to upload document content images on --live
CHE-PrizeBullsmall.jpg,../images/CHE-PrizeBullsmall.jpg,DOCUMENT_IMAGE_BASE_URL is required to upload document content images on --live
CHE-Sheepsmaller.jpg,../images/CHE-Sheepsmaller.jpg,DOCUMENT_IMAGE_BASE_URL is required to upload document content images on --live
AbrahamNeck.jpg,../images/AbrahamNeck.jpg,DOCUMENT_IMAGE_BASE_URL is required to upload document content images on --live
