keyword,clipIds,suggestedEntity
Abrams,272,unknown
Acker,395,unknown
Alleva,396;397;398,unknown
Archives,237;238;240;241;242;243;244;245;246;247;248;249;250;251;252;253;254;255;256;774,unknown
BBI1,356,unknown
BBT,124;125;126;127;128,unknown
Bean,33;391;717,unknown
Beaver,150;151;152;608,unknown
Beitler,61,unknown
BER,115;116;171;172;26;306;36;65;705;706;707;708;709;99,unknown
BFC,705;706;707;708;709,unknown
BKH,6;7,unknown
Bode,355,unknown
BPO,36,unknown
BPT,29,unknown
Bull,180;213;612,unknown
Burns,255;698,unknown
Campbell,15;16;73,unknown
Campbells Nursery; obituary,15;16,unknown
CharlieBrown,106,unknown
CHE,140;149;159;21;22;246;406;54;704,unknown
ChesM,512;533;585;594;598;600,unknown
CHM,140;149;159;163,unknown
CivilWar,260;261;262;263;264;265;266;271,unknown
Clemmans,396;91;92,unknown
Comer,267,unknown
cox,715,unknown
CRM,145;148;164,unknown
Currie,81,unknown
CVR,282;88;89;90,unknown
David,181;188;191;195;198;204;205;221;228;233;235;241;34,unknown
davis,650,unknown
Davis,181;188;191;198;204;205;221;228;233;235;615;649,unknown
Day,317,unknown
DAY,309;310;321;340;341;342;343;344;345,unknown
Dev,117;118;119,unknown
DEV,1;102;14;17;170;174;18;19;2;3;308;4;80,unknown
DEV Devon,102,unknown
DEVRam,117;118;119;120;121;122;123,unknown
DevSta,174,unknown
DEVSta,308,unknown
Dewees,79;82;83;84,unknown
DFF,17;18;19,unknown
DHS,1;14;2;3;4;80,unknown
DLF,729,unknown
doyle,632,unknown
DRS,95,unknown
EAG,136;273;274;275;276;277;278,unknown
EAGHOT,273;274;275;276;277,unknown
Eagle,326;327;331;333,unknown
Eclip,102;115;116;137;138;170;171;172;174;180;212;214;345;437;543;544;65,unknown
Evans,203;37;38;39;40;41;42;43;44;45;46;47;48;49;50;711,unknown
EW,169;27,unknown
EWclip,169,unknown
FGR,407,unknown
Franklin,698,unknown
fritz,617,unknown
Fulling,935,unknown
Garber,216;219;220;312,unknown
Garden,187,unknown
GHF,103,unknown
Given,394,unknown
GJI,128;129;130;156,unknown
GLS,96,unknown
Gronow,51;52;53,unknown
GTR,306;307;328;334;335;336,unknown
GVB,12,unknown
GVP,13;23;24;25,unknown
HAMH,141;165;166;167;183;223,unknown
Hampton,182,unknown
Havard,54,unknown
Havard Will,54,unknown
Henry,176;613;651,unknown
HOI,132;133;134,unknown
HOM,139;142;143;144;146;147;162;200,unknown
HOS,97,unknown
HOST,157;61,unknown
HOW,132;133;134;139;142;143;144;146;147;155;157;162;61;97,unknown
Howell,35,unknown
Howellville,600,unknown
hugg,796,unknown
Hugg,792;794;795;799;800,unknown
Hunter,86;87,unknown
Images,783;788;789,unknown
James,104,unknown
Janet,697,unknown
JBEA,150;151;152,unknown
JBEI,150;151;152,unknown
JHav,402,unknown
JMK,155;206,unknown
JOK,153;154,unknown
Jones,100;101;203;244;245;259;64;74;75;76;78,unknown
JWH,10;11;662;665;666;667;668;669;670;671;672;673;674;675;676;677;678;679;680;681;682;683;684;685;688;689;690;691;8;9,unknown
JWHO,308,unknown
JWO,160,unknown
Knox,68;69;70;71;72,unknown
Krider,244;245,unknown
Kuhns,699,unknown
LAMB,137;138,unknown
LAND,280;389,unknown
LAT,158;168,unknown
Latch,173,unknown
Latta,317;322;323;324;325;329;338;339;340;341;342;343;344;375,unknown
Lewis,257;258;260;261;262;263;264;265;266;271;273;274;275;276;277;720;723,unknown
LewisCivilWar,261;262;263;264;265;266;271,unknown
LewisCW,260;261;262;263;264;265;266;271,unknown
LSam,65;962,unknown
Lynam,697,unknown
Mansley,250,unknown
Max,185;197;66,unknown
MCIQ,349,unknown
Mclip,335,unknown
McVeagh,363,unknown
Mehaffey,317;318;319;320,unknown
MHall,67,unknown
Midgley,391,unknown
MJA Jones,100;101,unknown
MJAJones,101,unknown
MLion,401,unknown
MLR,172;173;174;179;269;273;274;275;276;277;306;307;309;310;321;326;327;328;330;331;332;333;334;335;336,unknown
MLV,307;326;327;334;335,unknown
MMC,728;733;751;755;860;914,unknown
Money,700;701;702,unknown
Moore,73,unknown
Moran,243,unknown
MROB,283;284;285;286;287;288;289;290;291;292;293;294;295;296;297;298;299;300;301;302;303;304;305;362;379;380;383;384;387;393,unknown
NCE,20;29;347;88;89;90,unknown
Nelson,699,unknown
Newton,256,unknown
Nixon,719,unknown
Obituary,67,unknown
OES,187;247;98,unknown
OLC,31;32,unknown
Open Land Conservancy,31,unknown
PAO,106;107;108;109;110;111;112;113;124;125;126;127;128;129;130;156;269;306;326;327;328;329;330;331;332;333;334;336;37;38;389;39;43;44;45;46;47;48;49;50;63;91;92,unknown
Paoli Hardware,112;113;92,unknown
PAOSta,269;403,unknown
PAW,33,unknown
PCoal,396;399;400,unknown
Peart,647;648,unknown
Perry,697,unknown
PHard,112;113;92,unknown
Phase 2,942,unknown
Phase1,784;785;791;792;793;794;796;799;800;833;837;838;839;841;842;843;844;845;846;847;848;849;850;851;858;867;868;869;872;873;874;877,unknown
Phase2,725;726;727;729;732;734;735;741;744;746;747;748;749;750;751;764;767;768;770;771;772;773;775;776;777;779;780;781;782;786;787;790;795;797;798;802;803;804;805;806;807;808;809;810;811;812;813;814;815;816;817;818;819;820;821;823;824;825;826;827;828;829;830;831;832;834;835;836;854;855;857;859;860;861;862;863;870;876;879;880;883;884;885;886;887;888;889;890;891;892;893;894;895;896;897;898;899;900;901;902;903;904;905;906;907;908;909;910;911;912;913;914;915;916;917;921;922;923;924;925;926;927;928;929;930;931;932;933;943,unknown
phase3,763,unknown
Phase3,728;737;738;739;740;742;743;745;753;754;755;757;762;822;919,unknown
Phase4,752;756;759;760;761;766;788;789,unknown
PICKPOST,347,unknown
PLib,405,unknown
PMA,315,unknown
POSA,692,unknown
POSA1,351;376;391,unknown
POSA2,349;361,unknown
PRR,326;327;328;334;335;337;389,unknown
PSH,94,unknown
PVFS,268,unknown
PW,388;390,unknown
Pyle,267;312;698,unknown
Quigley,173,unknown
Rclip,135;563,unknown
Reading,392;88;89;90,unknown
Reese,175;229;73,unknown
Rennard,710,unknown
Richard,77,unknown
RMP,170,unknown
Rob,646;648,unknown
ROB,281;362;364;365;367;368;369;370;371;372;374;379;380;381;383;384;393,unknown
Roberts,653;655;656;657;658;659;660;661;716;718;722;920;934;936;937,unknown
RP,731,unknown
Sally,699,unknown
Scartozzi,398,unknown
SCH,99,unknown
SCPP,347,unknown
Slaves,26,unknown
smedley,715,unknown
SPE,135;859;864;865;866,unknown
Stage,131,unknown
Steen,55;56;57;58;59;60;61;62;63,unknown
StJoseph,114,unknown
StMonicas,115;116;171,unknown
STR,120;15;16;306;388;390;865;866;98,unknown
Suplee,177,unknown
Thomas,105;194,unknown
Tlcip,201,unknown
TrainWreck,107;108;109;110;111;852,unknown
UMclip,161;579;693;694;695;696,unknown
Valentine,721,unknown
ValleyForge,878,unknown
Vanleer,189;212;654,unknown
VCMS,351;376;391,unknown
VF,10;11;161;270;311;313;314;6;7;71;712;8;82;83;84;9;93,unknown
VFB,348;349;351;355;358;359;361;376;391,unknown
VFCC,385;386;392;693,unknown
VFDAM,314;348;349;350;352;354,unknown
VFE,313,unknown
VFGM,161,unknown
VFI,348;352,unknown
VFM,20,unknown
VFMEC,93,unknown
VFO,313,unknown
VFSchool,355;358;359,unknown
Wadsworth,255,unknown
Walker,207;208;252,unknown
Walley,610,unknown
Water,340;341;342;343;345;346,unknown
Wayne,389,unknown
Wclip,148;486;497,unknown
Wheeler,629,unknown
Wilds,251,unknown
Will,104;105;160;272;369;5;51;52;53;54;64;86;87,unknown
Will Gronow,51;52;53,unknown
Will Hunter,86;87,unknown
Wilson,85,unknown
WORI,169,unknown
