clipId,title,csvType,reason,detail
VFV13,J. Rowan’s Store,photo,asset_error,HTTP fetch/upload failed; document not upserted (imageFile is required).
RDS05,Route 202 looking west from Swedesford Road,photo,asset_error,HTTP fetch/upload failed; document not upserted (imageFile is required).
VFV14,Valley Forge Village 1878 looking east,photo,asset_error,HTTP fetch/upload failed; document not upserted (imageFile is required).
RMH03,Radnor Friends Meeting,photo,asset_error,HTTP fetch/upload failed; document not upserted (imageFile is required).
RMH08,Radnor Friends Meeting,photo,asset_error,HTTP fetch/upload failed; document not upserted (imageFile is required).
RMH09,Radnor Friends Meeting,photo,asset_error,HTTP fetch/upload failed; document not upserted (imageFile is required).
BE82,"World War II Memorial, Berwyn",photo,asset_error,HTTP fetch/upload failed; document not upserted (imageFile is required).
LH02,View of Rooftops (Berwyn?),photo,asset_error,HTTP fetch/upload failed; document not upserted (imageFile is required).
NWH04,Newhall.,photo,asset_error,HTTP fetch/upload failed; document not upserted (imageFile is required).
NWH21,Newhall.,photo,asset_error,HTTP fetch/upload failed; document not upserted (imageFile is required).
NWH30,Newhall.,photo,asset_error,HTTP fetch/upload failed; document not upserted (imageFile is required).
HLC09,"Heyburn Roye Log Cabin, 1990",photo,asset_error,HTTP fetch/upload failed; document not upserted (imageFile is required).
HLC08-2590,"Heyburn Roye Log Cabin, 1989",photo,asset_error,HTTP fetch/upload failed; document not upserted (imageFile is required).
HAF01,"Hatton family, c. 1913",photo,asset_error,HTTP fetch/upload failed; document not upserted (imageFile is required).
HAF02,"Havard Wayne Hatton, 1897 - 1918 (eldest son), died of the flu",photo,asset_error,HTTP fetch/upload failed; document not upserted (imageFile is required).
HAF03,"Jervis Hatton, 1898 - 1919 (train accident c. 1918), second eldest son",photo,asset_error,HTTP fetch/upload failed; document not upserted (imageFile is required).
HAF06,"Susan Boggs Hatton, c. 1896",photo,asset_error,HTTP fetch/upload failed; document not upserted (imageFile is required).
HAF04,"Mrs. Susan B. Hatton and daughter Alvertia (Elsie) in the garden, c. 1915",photo,asset_error,HTTP fetch/upload failed; document not upserted (imageFile is required).
HAF05,"Hatton family, c. 1905 at Kennett Square meeting",photo,asset_error,HTTP fetch/upload failed; document not upserted (imageFile is required).
TRE08,Tredyffrin Township Display,photo,asset_error,HTTP fetch/upload failed; document not upserted (imageFile is required).
TRE09,Tredyffrin Township Display,photo,asset_error,HTTP fetch/upload failed; document not upserted (imageFile is required).
TRE10,Tredyffrin Township Display,photo,asset_error,HTTP fetch/upload failed; document not upserted (imageFile is required).
VFP42,"East of Headquarters Lane, Valley Forge, March 15, 1934",photo,asset_error,HTTP fetch/upload failed; document not upserted (imageFile is required).
PEO53,Unknown person,photo,asset_error,HTTP fetch/upload failed; document not upserted (imageFile is required).
PEO54,Women in Moore Electric truck,photo,asset_error,HTTP fetch/upload failed; document not upserted (imageFile is required).
MZC03,"A.M.E. Church, Berwyn",photo,asset_error,HTTP fetch/upload failed; document not upserted (imageFile is required).
EES03,Easttown Elementary School - cafeteria,photo,asset_error,HTTP fetch/upload failed; document not upserted (imageFile is required).
TJH08,Old TE Junior High,photo,asset_error,HTTP fetch/upload failed; document not upserted (imageFile is required).
HOU77,"Home of John Carson Eves house, east side of South Valley Road, Paoli",photo,asset_error,HTTP fetch/upload failed; document not upserted (imageFile is required).
SCH28,Royer-Greaves School for the blind,photo,asset_error,HTTP fetch/upload failed; document not upserted (imageFile is required).
PEO55,Unknown woman,photo,asset_error,HTTP fetch/upload failed; document not upserted (imageFile is required).
LH07,Tractor,photo,asset_error,HTTP fetch/upload failed; document not upserted (imageFile is required).
GVB23,Great Valley Baptist Church sign,photo,asset_error,HTTP fetch/upload failed; document not upserted (imageFile is required).
HOU80,Beaumont Farm and Cider Press,photo,asset_error,HTTP fetch/upload failed; document not upserted (imageFile is required).
DSA01,"Devon - Strafford Apartments, Sugartown Road",photo,asset_error,HTTP fetch/upload failed; document not upserted (imageFile is required).
DSA03,Site of Devon – Strafford Apartments,photo,asset_error,HTTP fetch/upload failed; document not upserted (imageFile is required).
DSA04,Site of Devon – Strafford Apartments,photo,asset_error,HTTP fetch/upload failed; document not upserted (imageFile is required).
DSA05,Site of Devon – Strafford Apartments,photo,asset_error,HTTP fetch/upload failed; document not upserted (imageFile is required).
DSA08,Site of Devon – Strafford Apartments,photo,asset_error,HTTP fetch/upload failed; document not upserted (imageFile is required).
DSA06,Site of Devon – Strafford Apartments,photo,asset_error,HTTP fetch/upload failed; document not upserted (imageFile is required).
DSA09,Site of Devon – Strafford Apartments,photo,asset_error,HTTP fetch/upload failed; document not upserted (imageFile is required).
STR12,Devon Square Shopping Center,photo,asset_error,HTTP fetch/upload failed; document not upserted (imageFile is required).
SBC01,"Wanda Stanber, hostess, at lunch party",photo,asset_error,HTTP fetch/upload failed; document not upserted (imageFile is required).
