archiveId,url,httpStatus,detail
STI3,https://www.the2nomads.site/TEHSImageDatabase/ValleyForge/StirlingsQuarters/STI3-Interior%2CStirlingssmall.jpg,200,
BKH1,https://www.the2nomads.site/TEHSImageDatabase/ValleyForge/BakeHouse/BKH1-BakeHousesmall.jpg,200,
FFF1,https://www.the2nomads.site/TEHSImageDatabase/HousesandFarms/FarFieldsFarm/FFF1-FarFieldsFarm1954small.jpg,200,
WCU1,https://www.the2nomads.site/TEHSImageDatabase/People/WilliamCurrie/WCU1-MargaretCurriesmall.jpg,200,
WSH5,https://www.the2nomads.site/TEHSImageDatabase/Schools/WalkerSchoolHouse/WSH5-WalkerSchoolhouse2small.jpg,200,
WSH4,https://www.the2nomads.site/TEHSImageDatabase/Schools/WalkerSchoolHouse/WSH4-WalkerSchoolhouse1small.jpg,200,
MAX2,https://www.the2nomads.site/TEHSImageDatabase/ValleyForge/MaxwellsQuarters/MAX2-Backroomsmall.jpg,200,
MAX3,https://www.the2nomads.site/TEHSImageDatabase/ValleyForge/MaxwellsQuarters/MAX3-DiningRoomsmall.jpg,200,
MAX1,https://www.the2nomads.site/TEHSImageDatabase/ValleyForge/MaxwellsQuarters/MAX1-Backdoorsmall.jpg,200,
MAX5,https://www.the2nomads.site/TEHSImageDatabase/ValleyForge/MaxwellsQuarters/MAX5-Library2small.jpg,200,
MAX6,https://www.the2nomads.site/TEHSImageDatabase/ValleyForge/MaxwellsQuarters/MAX6-Library.jpg,200,
MAX4,https://www.the2nomads.site/TEHSImageDatabase/ValleyForge/MaxwellsQuarters/MAX4-Frontsmall.jpg,200,
MAX9,https://www.the2nomads.site/TEHSImageDatabase/ValleyForge/MaxwellsQuarters/MAX9-Stairssmall.jpg,200,
MAX7,https://www.the2nomads.site/TEHSImageDatabase/ValleyForge/MaxwellsQuarters/MAX7-ReflectingPoolandBackviewsmall.jpg,200,
MAX8,https://www.the2nomads.site/TEHSImageDatabase/ValleyForge/MaxwellsQuarters/MAX8-SenKnoxandCoveredBridgesmall.jpg,200,
MAX10,https://www.the2nomads.site/TEHSImageDatabase/ValleyForge/MaxwellsQuarters/MAX10-SwimmingPoollookingnorthsmall.jpg,200,
MAZ1,https://www.the2nomads.site/TEHSImageDatabase/People/MazieHall/MAZ1-100yearsold2small.jpg,200,
MAX11,https://www.the2nomads.site/TEHSImageDatabase/ValleyForge/MaxwellsQuarters/MAX11-SwimmingPoollookingsouthsmall.jpg,200,
MAZ2,https://www.the2nomads.site/TEHSImageDatabase/People/MazieHall/MAZ2-Amazing1small.jpg,200,
MAZ3,https://www.the2nomads.site/TEHSImageDatabase/People/MazieHall/MAZ3-College2asmall.jpg,200,
MAZ4,https://www.the2nomads.site/TEHSImageDatabase/People/MazieHall/MAZ4-EarlydaysBandWsmall.jpg,200,
MAZ5,https://www.the2nomads.site/TEHSImageDatabase/People/MazieHall/MAZ5-Laterdayseditsmall.jpg,200,
MAZ6,https://www.the2nomads.site/TEHSImageDatabase/People/MazieHall/MAZ6-Yearbook3small.jpg,200,
STI1,https://www.the2nomads.site/TEHSImageDatabase/ValleyForge/StirlingsQuarters/STI1-StirlingsQuarter2c1905small.jpg,200,
STI2,https://www.the2nomads.site/TEHSImageDatabase/ValleyForge/StirlingsQuarters/STI2-StirlingsQuarter3bc1905small.jpg,200,
LAF1,https://www.the2nomads.site/TEHSImageDatabase/ValleyForge/LafayettesQuarters/LAF1-LafayettesQuarters4small.jpg,200,
MAX12,https://www.the2nomads.site/TEHSImageDatabase/ValleyForge/MaxwellsQuarters/MAX12-Maxwells-Quarters2-BandW.jpg,200,
KNO01,https://www.the2nomads.site/TEHSImageDatabase/ValleyForge/KnoxsQuarters/KNO01-RearViewc1900B%26W2small.jpg,200,
KNO02,https://www.the2nomads.site/TEHSImageDatabase/ValleyForge/KnoxsQuarters/KNO02-FrontViewc1945small.jpg,200,
DUP01,https://www.the2nomads.site/TEHSImageDatabase/HousesandFarms/DuportailsQuarters/DUP01-DuportailHousesmall.jpg,200,
PEO46,https://www.the2nomads.site/TEHSImageDatabase/People/PEO46-GalushaPennypacker.jpg,200,
DUP02,https://www.the2nomads.site/TEHSImageDatabase/HousesandFarms/DuportailsQuarters/DUP02-Duportail.jpg,200,
DEI12,https://www.the2nomads.site/TEHSImageDatabase/Inns/DevonInn/DEI12_DevonInnCollection1_small.jpg,200,
DEI13,https://www.the2nomads.site/TEHSImageDatabase/Inns/DevonInn/DEI13_DevonInnCollection2_small.jpg,200,
DEI14,https://www.the2nomads.site/TEHSImageDatabase/Inns/DevonInn/DEI14_DevonInnCollection3_small.jpg,200,
DEI15,https://www.the2nomads.site/TEHSImageDatabase/Inns/DevonInn/DEI15_DevonInnCollection4_small.jpg,200,
DEI16,https://www.the2nomads.site/TEHSImageDatabase/Inns/DevonInn/DEI16_DevonInnCollection5_small.jpg,200,
DEI17,https://www.the2nomads.site/TEHSImageDatabase/Inns/DevonInn/DEI17_LittleboysatDevonInn1898_small.jpg,200,
DEI18,https://www.the2nomads.site/TEHSImageDatabase/Inns/DevonInn/DEI18_LittlegirlatDevonInn1898_small.jpg,200,
DRS2,https://www.the2nomads.site/TEHSImageDatabase/Schools/DiamondRock/DRS2-DiamondRockSchoolhousesmall.jpg,200,
VFP1,https://www.the2nomads.site/TEHSImageDatabase/ValleyForge/VFP1-InnerLineDrivesmall.jpg,200,
TEH1,https://www.the2nomads.site/TEHSImageDatabase/Schools/TEHighSchool/TEH1-T-EHighSchool.jpg,200,
SAL1,https://www.the2nomads.site/TEHSImageDatabase/Schools/SalemSchool/SAL1-Children%2CSalemSchool1940small.jpg,200,
WAR1,https://www.the2nomads.site/TEHSImageDatabase/Quarries/CedarHollow/WAR1-WarnerQuarryworkers852.jpg,200,
WAR2,https://www.the2nomads.site/TEHSImageDatabase/Quarries/CedarHollow/WAR2-WarnerQuarryworker853.jpg,200,
WAR3,https://www.the2nomads.site/TEHSImageDatabase/Quarries/CedarHollow/WAR3-WarnerQuarryworkers854.jpg,200,
WAR4,https://www.the2nomads.site/TEHSImageDatabase/Quarries/CedarHollow/WAR4-WarnerQuarry855.jpg,200,
WAR5,https://www.the2nomads.site/TEHSImageDatabase/Quarries/CedarHollow/WAR5-WarnerQuarryworkers856.jpg,200,
WAR6,https://www.the2nomads.site/TEHSImageDatabase/Quarries/CedarHollow/WAR6-WarnerQuarry857.jpg,200,
NLC1,https://www.the2nomads.site/TEHSImageDatabase/HousesandFarms/NeillyLogCabin/NLC1-Neillylogcabinsmall.jpg,200,
HOU2,https://www.the2nomads.site/TEHSImageDatabase/HousesandFarms/HOU2-WilliamsFarm.jpg,200,
HOU3,https://www.the2nomads.site/TEHSImageDatabase/Organisations/CathcartHome/HOU3-ElizaCathcarthome940.jpg,200,
PA10,https://www.the2nomads.site/TEHSImageDatabase/Places/Paoli/PA10-Carriage967.jpg,200,
RML4,https://www.the2nomads.site/TEHSImageDatabase/Railroads/MainLine/RML4-PRRtrain%2Cc1909.jpg,200,
PEO1,https://www.the2nomads.site/TEHSImageDatabase/People/PEO1-EdwinaandGeorgeWClemmanssmall.jpg,200,
PEO2,https://www.the2nomads.site/TEHSImageDatabase/People/PEO2-GeorgeWClemmanssmall.jpg,200,
PEO3,https://www.the2nomads.site/TEHSImageDatabase/People/PEO3-FannieHeyburnandgrandson.jpg,200,
BUS1,https://www.the2nomads.site/TEHSImageDatabase/Businesses/BUS1-Hall%2CHallandChapman.jpg,200,
PEO4,https://www.the2nomads.site/TEHSImageDatabase/People/PEO4-Wagonandmanintophat.jpg,200,
PEO5,https://www.the2nomads.site/TEHSImageDatabase/People/PEO5-GraceSharp.jpg,200,
PEO6,https://www.the2nomads.site/TEHSImageDatabase/People/PEO6-6people1.jpg,200,
PEO8,https://www.the2nomads.site/TEHSImageDatabase/People/PEO8-EmilyPattersonandFlorenceGlissen1.jpg,200,
PEO7,https://www.the2nomads.site/TEHSImageDatabase/People/PEO7-6people2.jpg,200,
PEO9,https://www.the2nomads.site/TEHSImageDatabase/People/PEO9-EmilyPattersonandFlorenceGlissen2.jpg,200,
HOW2,https://www.the2nomads.site/TEHSImageDatabase/Places/Howellville/HOW2-Howellville.jpg,200,
PAS2,https://www.the2nomads.site/TEHSImageDatabase/Schools/PaoliSchool/PAS2-PaoliSchoolsmall.jpg,200,
HOS1,https://www.the2nomads.site/TEHSImageDatabase/Schools/HowellvilleSchool/HOS1-Howellvilleschoolsmall.jpg,200,
CHE1,https://www.the2nomads.site/TEHSImageDatabase/Places/Chesterbrook/CHE1-AlexanderMurdock.jpg,200,
BUS2,https://www.the2nomads.site/TEHSImageDatabase/Businesses/BUS2-HerbertEdwardsgaragesmall.jpg,200,
TRE1,https://www.the2nomads.site/TEHSImageDatabase/Places/Tredyffrin/TRE1-Tredyffrin1954PoliceCarssmall.jpg,200,
PA11,https://www.the2nomads.site/TEHSImageDatabase/Places/Paoli/PA11-PaoliDinersmall.jpg,200,
IT2,https://www.the2nomads.site/TEHSImageDatabase/Inns/GeneralJackson-WindmillTearoom/IT2-WindmillTeaRoom.jpg,200,
ROR1,https://www.the2nomads.site/TEHSImageDatabase/Businesses/RollerRink/ROR1-RollerRink1.jpg,200,
ROR2,https://www.the2nomads.site/TEHSImageDatabase/Businesses/RollerRink/ROR2-RollerRink2.jpg,200,
ROR3,https://www.the2nomads.site/TEHSImageDatabase/Businesses/RollerRink/ROR3-RollerRink3.jpg,200,
ROR4,https://www.the2nomads.site/TEHSImageDatabase/Businesses/RollerRink/ROR4-RollerRink4.jpg,200,
ROR5,https://www.the2nomads.site/TEHSImageDatabase/Businesses/RollerRink/ROR5-RollerRink5.jpg,200,
ROR6,https://www.the2nomads.site/TEHSImageDatabase/Businesses/RollerRink/ROR6-RollerRink6.jpg,200,
ROR7,https://www.the2nomads.site/TEHSImageDatabase/Businesses/RollerRink/ROR7-RollerRink7.jpg,200,
CHE2,https://www.the2nomads.site/TEHSImageDatabase/Places/Chesterbrook/CHE2-CarriagesatChesterbrook.jpg,200,
LCP1,https://www.the2nomads.site/TEHSImageDatabase/Military/LCP1-BritishEncampment2small.jpg,200,
PEO10,https://www.the2nomads.site/TEHSImageDatabase/People/PEO10-DrandDaisyAiken.jpg,200,
PEO11,https://www.the2nomads.site/TEHSImageDatabase/People/PEO11-Portrait1.jpg,200,
PEO12,https://www.the2nomads.site/TEHSImageDatabase/People/PEO12-Portrait2.jpg,200,
TEH2,https://www.the2nomads.site/TEHSImageDatabase/Schools/TEHighSchool/TEH2-DaddyLongLegscast%2C1927small.jpg,200,
TEH3,https://www.the2nomads.site/TEHSImageDatabase/Schools/TEHighSchool/TEH3-Basketballteam%2C1920small.jpg,200,
VLC01,https://www.the2nomads.site/TEHSImageDatabase/HousesandFarms/VanLeerLogCabin/VLC01-VanLeerCabinsmall.jpg,200,
VLC02,https://www.the2nomads.site/TEHSImageDatabase/HousesandFarms/VanLeerLogCabin/VLC02-ConradWilsonandStudents.jpg,200,
VLC03,https://www.the2nomads.site/TEHSImageDatabase/HousesandFarms/VanLeerLogCabin/VLC03-AmericanHeritageClasssmall.jpg,200,
HOW3,https://www.the2nomads.site/TEHSImageDatabase/Places/Howellville/HOW3-BearHillRoad.jpg,200,
HQ1,https://www.the2nomads.site/TEHSImageDatabase/Quarries/Howellville/HQ1-Crushers.jpg,200,
WSH2,https://www.the2nomads.site/TEHSImageDatabase/Schools/WalkerSchoolHouse/WSH2-WalkerSchool1.jpg,200,
SS2,https://www.the2nomads.site/TEHSImageDatabase/Schools/StraffordSchool/SS2-StraffordSchoolsmall.jpg,200,
WSH3,https://www.the2nomads.site/TEHSImageDatabase/Schools/WalkerSchoolHouse/WSH3-WalkerSchool2.jpg,200,
PA12,https://www.the2nomads.site/TEHSImageDatabase/Places/Paoli/PA12-PaoliFirehousesmall.jpg,200,
BP1,https://www.the2nomads.site/TEHSImageDatabase/Organisations/BP1-LibertyBellinPaoliJuly41915.jpg,200,
BP2,https://www.the2nomads.site/TEHSImageDatabase/People/BP2-Unidentifiedwomanandson.jpg,200,
BP3,https://www.the2nomads.site/TEHSImageDatabase/People/BP3-MotherandFather.jpg,200,
BP4,https://www.the2nomads.site/TEHSImageDatabase/People/BP4-CampLife.jpg,200,
BP5,https://www.the2nomads.site/TEHSImageDatabase/People/BP5-MEB-JW1916.jpg,200,
