"iidentifier","idescription","identifierID"
"AS","Ann Seybert’s photographs","1"
"BE","Berwyn","2"
"BEP","Berwyn Post","3"
"BG","Bob Goshorn files","4"
"BP","Baugh Photograph Album","5"
"CH","Churches","6"
"DE","Dingee Estate, Paoli","7"
"DRS","Diamond Rock School","8"
"SHA","Sharp Family Photos","212"
"MM","Mount Misery","222"
"HOS","Howellville School","11"
"HOU","Houses","12"
"HOW","Howellville","13"
"IT","Inns & Taverns","14"
"MS","Miscellaneous","15"
"ORG","Organizations","16"
"PA","Paoli","17"
"PAS","Paoli School","18"
"PCK","Philander Chase Knox","19"
"PM","Pete Melchiorre photographs","20"
"PP","Paoli Postmasters","21"
"PPO","Paoli Postcards","22"
"Q","Quarries","23"
"RAI","Railroads","24"
"RF","Robertson Farm","25"
"RML","Railroads Mainline","26"
"DHS","Devon Horse Show & Country Fair","213"
"SCH","Schools","28"
"STR","Strafford","178"
"STI","General Stirling's Quarters","177"
"BAP","Berwyn Parsonage","31"
"BAV","Berwyn Avenue","32"
"BBC","Berwyn Baptist Church","33"
"BBU","Burroughs Research Center","34"
"BCA","Berwyn, Church Avenue","35"
"BEA","Beadle family","36"
"BET","Berwyn Theater","37"
"BFB","Bean Family Business","38"
"BFC","Berwyn Fire Company","39"
"BIP","Berwyn Ice Plant","40"
"BKH","Bake House, Valley Forge","41"
"BM","Berwyn Methodist Church","42"
"BNB","Berwyn National Bank","43"
"BPH","Berwyn Pharmacy","44"
"BPM","Berwyn Planing Mill","45"
"BPO","Berwyn Post Office","46"
"BPS","Berwyn Primary School","47"
"BRO","Brookmead Farm","48"
"BRX","Braxton's Animal Works","49"
"BUS","Business","50"
"CAA","Cassatt Avenue","51"
"CAR","Cassatt Road","52"
"CEH","Cedar Hollow","53"
"CGS","Church of the Good Samaritan","54"
"CHE","Chesterbrook","55"
"CLC","Coates Log Cabin","56"
"COT","Cotton Mill, Valley Forge","57"
"CRS","Carr School","58"
"CUH","Culinary History","59"
"CVR","Chester Valley Railroad","60"
"CW","Civil War","61"
"CWB","Carriage Way, Berwyn","62"
"CWI","Covered Wagon Inn, Strafford","63"
"DAY","Daylesford","64"
"DBS","D. Bernard Stout","65"
"DEI","Devon Inn","66"
"DES","Devon Elementary School","67"
"DEV","Devon","68"
"DEX","Devereux School","69"
"DFF","Devon Fireworks Factory","70"
"DLC","Devon Log Cabin","71"
"DPS","David Preston, Shoemaker","72"
"DRE","Dorothy Reed","73"
"DRH","Dorothy Reed House","74"
"DUP","Duportail's Quarters","75"
"DWQ","DeKalb & Weedon's Quarters","76"
"ECH","Eliza Cathcart Home","77"
"ELI","Easttown Library","78"
"EPH","Edith Parker's Home, Howellville","79"
"ETS","Easttown School","80"
"FBB","First Baptist Church, Berwyn","81"
"FFF","Far Fields Farm","82"
"FM","Farming","83"
"FMH","Friends Meeting Houses","84"
"FRL","Fritz Lumber","85"
"FW","Fort Washington, Valley Forge","86"
"GBC","Ground Breaking Ceremony","87"
"GJI","General Jackson Inn","88"
"GLS","Glassley School","89"
"GPI","General Paoli Inn","90"
"GPQ","General Poor's Quarters","91"
"GT","Green Tree","92"
"GVB","Great Valley Baptist Church","93"
"GVM","Great Valley Mill","94"
"GVP","Great Valley Presbyterian Church","95"
"GWI","General Warren Inn","96"
"GWQ","General Wayne's Quarters","97"
"HIC","Hillcrest Estate","98"
"HLC","Houses, Log Cabins","99"
"HOT","Howellville Tavern","101"
"HQ","Howellville Quarry","102"
"HSQ","Howe's & Scott's Quarters","103"
"JWH","James White House, Valley Forge","104"
"KCB","Knox Covered Bridge","105"
"KLS","Kramer Livery Stable","106"
"KNO","Generals Knox's Quarters, Valley Forge","107"
"KNQ","General Knyphausen's Quarters","108"
"KPI","King of Prussia Inn","109"
"KQ","KnickerBocker Quarry","110"
"LAB","Lancaster Avenue, Berwyn","111"
"LAF","General Lafayette's Quarters","112"
"LAS","Latshaw School","113"
"LAT","Lamb Tavern","114"
"LBQ","Lee - Bradford Quarters","115"
"LCH","Latch family","116"
"LCP","Lord Cantelupe painting","117"
"LH","Local History","118"
"LOH","Prentice Lobb's Home","119"
"MAL","Malvern","120"
"MAN","Mansley Photograph Collection","121"
"MAX","Maxwell's Quarters","122"
"MAZ","Mazie Hall","123"
"MC","Valley Forge Memorial Chapel","124"
"MEP","Methodist Church, Paoli","125"
"MF","Matthews Ford","126"
"MIH","Mifflin House","127"
"MIL","Sawmill","128"
"MJR","Mount Joy Road","129"
"MJT","Mount Joy Tower","130"
"MLA","Mainline Apartments","131"
"MLP","Mainline Railroad, Paoli","132"
"MSP","Many Springs Farm","133"
"MWC","Mill Worker's Cottages, Valley Forge","134"
"NBS","North Berwyn School","135"
"NCE","New Centerville","136"
"ND","North Devon","137"
"NEE","New Eagle Elementary","138"
"NGB","Non-gran Bronze Factory","139"
"NLC","Neilly Log Cabin","140"
"OAK","Oak Knoll, Daylesford","141"
"OES","Old Eagle School","142"
"OGQ","Other General's Quarters","143"
"OLA","Outside Local Area","144"
"OPA","Organizations, Paoli Airport","145"
"PAC","Paoli Corner","146"
"PAE","Patterson Estate","147"
"PEO","People","148"
"PHO","Phoenixville","149"
"POK","Pennokla Farm","150"
"POQ","General Potter's Quarters","151"
"PSH","Presbyterian Schoolhouse","152"
"PTE","Paul Teamer","153"
"PUQ","General Pulaski's Quarters","154"
"PVF","People of Valley Forge","155"
"PW","Philadelphia & Western Railroad","156"
"RAD","Radnor","157"
"RBE","Railroads, Berwyn","158"
"RCA","Roads, Cassatt Avenue","159"
"RCR","Red Cross","160"
"RDE","Railroads, Devon","161"
"RDS","Roads","162"
"RHY","Rhydlyn","163"
"RIH","Richardson House","164"
"ROR","Roller Rink","165"
"RR","Railroads","166"
"SAC","Salem Church","167"
"SAL","Salem School","168"
"SAM","Lucy Sampson Photographs","169"
"SBB","Second Blue Ball Inn","170"
"SCU","Schuylkill","171"
"SDC","St. David's Church","172"
"SMB","St. Monica's Church, Berwyn","173"
"SOH","Sorrel Horse Inn","174"
"SPC","St. Peter's Church","175"
"SS","Strafford School","176"
"SUF","Supiot Farm","179"
"SUQ","General Sullivan's Quarters","180"
"TCC","Tredyffrin Country Club","181"
"TCO","Trenton Cut Off","182"
"TEC","Tredyffrin Easttown History Club","183"
"TEH","Tredyffrin Easttown High School ","184"
"TOH","Tory Hollow","185"
"TPC","Trinity Presbyterian Church, Berwyn","186"
"TPS","Tea Party at Stirling's Quarters","187"
"TRE","Tredyffrin","188"
"UFG","Upper Forge, Valley Creek","189"
"VAQ","General Varnum's Quarters","190"
"VC","Valley Creek","191"
"VCB","Valley Creek Bridge","192"
"VFD","Dam on Valley Creek","193"
"VFM","Valley Forge Music Fair","194"
"VFP","Valley Forge Park","195"
"VFQ","Valley Forge Quarry","196"
"VFS","Valley Forge Station","197"
"VFV","Valley Forge Village","198"
"VLC","Van Lear Log Cabin","199"
"WAB","Waterloo Avenue, Berwyn","200"
"WAR","Warner Quarry Workers","201"
"WAY","Waynesborough","202"
"WCF","William Coates Farm","203"
"WCU","William Currie","204"
"WHQ","Washington's Headquarters","205"
"WOH","Workizer's House","206"
"WRD","Waterloo Road, Devon","207"
"WSH","Walker Schoolhouse","208"
"WWI","World War I","209"
"WYI","Wynburne Inn","210"
"YOF","Yohn Farm","211"
"DCF","Devon Country Fair","214"
"DAI","Devon Horse Show Aerial Image","215"
"DSS","Devon Horse Show Storage Building","216"
"DTA","Devon Horse Show from Temple Urban Archives","217"
"DHA","Devon Horse Show Hagley documents","218"
"EHE","Emlen Hutchinson Evans Collection","219"
"BMI","Bryn Mawr Inn","220"
"HMS","Hope Montgomery Scott","221"
"PFD","Prichard Family Collection (Devon Horse Show)","223"
"GBF","Green Bank Farm","224"
"APF","Ann Pugh Farm","225"
"DOT","Pennsylvania Department of Transportation","226"
"KCW","Krider Carriage Works","227"
"KRI","Krider family","228"
"NAW","Nawbeek, Willistown","229"
"MEC","Mecke residence, Old Eagle School Road","230"
"HHO","Hillhouse, White Horse Road","231"
"KEE","Keen residence, West Valley Road","232"
"GCR","Grey Craig, Wetherby Drive","233"
"CLO","Clonmel, Old Eagle School Road","234"
"CCF","Crum Creek Farm","235"
"OAL","Oatlands/Oaklands, Kuhn residence","236"
"WAC","West Acres, Sugartown Road","237"
"GRA","Gramond, Crestline Road","238"
"BJO","Bjornhem","239"
"CST","Carstenstein, Dorset Road","240"
"CVY","Clovelly, Clovelly Road","241"
"FLW","Fairlawn, Fairfield and Sugartown Roads","242"
"FCF","Fox Creek Farm, White Horse Road","243"
"HCF","Happy Creek Farm, Church Road","244"
"KEL","Kelso, Daylesford","245"
"LGW","Langwell, Church Road","246"
"LEA ","Lea Residence, Waterloo Road","247"
"PWI","Percy Wilson residence, Waterloo Road","248"
"ROC","Rockwood, Valley Forge Road","249"
"DST","Devon Stables","250"
"WYN","Wynburne, Old Lancaster Road","251"
"TAR","Tarleton, 524 Sugartown Road, Easttown","252"
"DRF","Diamond Rock Farm, 1701 Yellow Springs Road","253"
"SSP","Sycamore Springs Farm, Yellow Springs Road","254"
"CBF","Charles Bloomhart Farm, Yellow Springs Road","255"
"NWT","Newtown Road, Easttown","256"
"BEM","Beaumont Road, Easttown","257"
"LEO","Leopard Road, Easttown","258"
"WAH","Waterloo House, Waterloo Road, Easttown","259"
"VIF","Victoria Farm, Swedesford Road","260"
"LEB","Le Boutillier estate, Le Boutillier Road","261"
"SWE","Swedesford Road","262"
"PUR","Pugh Road, Tredyffrin","263"
"NVR","North Valley Road","264"
"BUT","Butterwood Road, Easttown","265"
"CCC","Continental Can Company","266"
"VFR","Valley Friends Meeting","267"
"MEN","Mennonite Church, Yellow Springs Road","268"
"RMH","Radnor Meeting","269"
"SFM","Schuylkill Friends Meeting","270"
"NEU","Neuhaus family","271"
"YSP","Yellow Springs","272"
"SCT","Schuylkill Township Houses","273"
"BRI","Bridges","274"
"WAM","Waterloo Mills","275"
"RON","Roney","276"
"BOP","Battle of Paoli","277"
"GFM","George Francis Moran","278"
"NWH","Newhall","279"
"FPC","First Presbyterian Church, Paoli","280"
"HAH","Hatton House, 1208 Old Lancaster Road","281"
"HAF","Hatton family","282"
"WIF","Williams family","283"
"AIF","Aiken family","284"
"WAF","Walker family","285"
"CLF","Clemmans family","286"
"BAF","Baugh family","287"
"MZC","Mount Zion AME Church","288"
"HSS","Hillside School","289"
"EES","Easttown Elementary School","290"
"TJH","Tredyffrin Easttown Junior High","291"
"SLC","St Lukes Church","292"
"DPO","Devon Post Office","293"
"SSA","Strafford Station Apartments","294"
"SBC","Saturday Book Club","295"
"DSA","Devon Strafford Apartments","296"
"BES","Beaumont Elementary School, Easttown","297"
"COR","Conestoga Road, Berwyn","298"
"JRH","John Reese House","299"
"POF","Potter Farm, Leopard Road","300"
"KRH","Keller Road houses, Berwyn","301"
"CRC","Church Road Log Cabin","306"
"OEH","Okie Estate Houses","305"
"BRH","Bair Road houses, Berwyn","304"
"SRC","Sebastian Rink Log Cabin","307"
"SMH","Stauffer - Mattinson house","308"
"LES","Leopard School","309"
"MOC","Mack Oil Company","310"
"FBI","First Blue Ball Inn","311"
"EHC","Early History Club","312"
"BBR","Berwyn Baptist Road","313"
"SHT","Springhouse Tavern","319"
"BVF","Brookvale Farm","318"
"COL","Contention Lane","316"
"SCP","Stone Chimney Picket Post","317"
"FAB","First Avenue, Berwyn","320"
"COC","Church of Christ, Valley Forge","321"
"SIJ","St. Isaac Joques church","322"
"BSF","Blue Stone Farm","323"
"USF","Upstream Farm","324"
"CHF","Chesterbrook Farm","325"
"HMH","Highway Mission, Howellville","326"
"HRB","Howellville Road, Berwyn","327"
"OLB","Old Lancaster Road, Berwyn","328"
"JSH","Julius Sachse House","329"
"WOA","Woodside Avenue, Berwyn","330"
"THH","Tory Hollow Farm houses","331"
"TRS","Trees","332"
"SVR","South Valley Road","333"
"PTP","Pennsylvania Turnpike","408"
"MPS","Mount Pleasant School","335"
"OGD","Ogden School","336"
"DAA","Daylesford Abbey","337"
"BAT","Bartholomew Farmhouse","338"
"GVH","Great Valley House","339"
"WFH","Wilson Farmhouse","340"
"MEB","Meadowbrook","341"
"YSR","Yellow Springs Road","342"
"BUF","Burruss family","343"
"BTC","Berwyn Thimble Club","344"
"MRY","Morris Ray","345"
"JWV","Jesse W. Vause","346"
"MGI","Maple Grove Inn","347"
"CRM","Church Road Mill","348"
"SHF","Shank Farm, Mecke property","349"
"WFC","Wilson Farm, Chesterbrook","350"
"KOP","King of Prussia","351"
"BTO","Bella Toner","352"
"PCS","Paoli Coal & Supply","353"
"BOF","Bonticu Farm","354"
"SJM","St. Joseph Mission Chapel, Yellow Springs Road","355"
"GHF","Glenhardie Farms - J. R. K. Scott estate","356"
"JBH","Joseph Rush - James Beattie House","357"
"PWF","Pauling - Wedge Farm","358"
"JDH","Jesse Dice House","359"
"HSH","D. Haven Scott House","360"
"BWF","Beaver - Wersler Farm","361"
"WCH","Wilson - Cox House","362"
"WRF","Wreth - Forcini Farm","363"
"LPF","Listopada Farm","364"
"WRB","Wilson Road Bridge","365"
"AMH","Allen-Meyle House","366"
"IHF","Ivy Hollow Farm","367"
"WBH","Walter Borig House","368"
"DSH","DeSantis House","369"
"MOH","Mowbrey House","370"
"ABH","Andrew Black House","371"
"RHP","Robert Holmes Page House","372"
"SWH","William Sware House","373"
"WPF","Wheeler-Page Farm","374"
"HDW","H. Drake Williams House","375"
"GLH","Golder-Langerhans House","376"
"TSH","Thomas Stanton House","377"
"RWG","R. Wellington Grant House","378"
"LEI","Leopard Inn","379"
"DRT","Drove Tavern","380"
"SEI","Spread Eagle Inn","381"
"STT","Stage Tavern","382"
"CCT","Cockletown","383"
"SPT","Sproxton","384"
"LAD","Langdale","385"
"MAP","Mannering","386"
"ACF","Acker Farm","387"
"EPA","Episcopal Academy","388"
"PRS","Presbyterian School","389"
"WHE","Wharton Esherick","390"
"CAM","Cassatt Mansion","391"
"PLI","Paoli Library","392"
"WYS","Wayne School","393"
"POS","Patriotic Order of the Sons of America","394"
"CFU","Camp Fuller","395"
"KAP","Knox Artillery Park","396"
"DET","Detwiler House","397"
"RES","Reeseville School","398"
"WSP","Washingtons Spring","399"
"MAB","Main Avenue, Berwyn","400"
"UMY","Upper Mainline YMCA","401"
"HAM","Hammer Hollow","402"
"HOM","Howellville Mill","403"
"MAR","Memorial Arch","404"
"PHE","Phelan family photos","405"
"FHU","Fox Hunting","406"
"PK","Port Kennedy","407"
"BPB","Betner Paper Bag Company","409"
"DBG","Devon Building Supply","410"
"BRS","Brace&rsquo;s Store, Berwyn","411"
"FXI","Fox Inn, Berwyn","412"
"SSB","Surrey Services, Berwyn","413"
"PLH","Peter Latch House","414"
"MEI","Meineke","415"
"THE","Thomas Estate","416"
"JRB","Jones-Richards Barn","417"
"BOC","Bocce Club, Berwyn","418"
"BEK","Berkley Road, Berwyn","419"
"DOY","Doyle Nursery","420"
"DBC","Darby Creek","421"
"SJP","St. Johns Presbyterian Church, Devon","422"
"SYF","Sycamore Farm","423"
"STN","Saint Norbert's","424"
"DIA","Diantonio's Service Stations","425"
"EW","East Whiteland","426"
"BBB","Berwyn Bronze Bearing Company","427"
"DBH","Devault Beaver House","428"
"MLT","Military","429"
"CLE","Isaac Cleaver House and Store","431"
"DEP","Devon Prep School","432"
"SES","Strafford Elementary School","433"
"EST","Easttown","434"
"BNC","Bishops New Cottage","435"
"THI","Tally Ho Inn","436"
"WAW","Wayne&rsquo;s Woods","437"
"LTP","Lancaster Turnpike","438"
"GRB","Garber family","449"
"RGT","Railroad, Green Tree","440"
"WYF","Wayne family","441"
"WBS","William Burns House","442"
"BZW","Betzwood","443"
"LFG","Lower Forge","444"
"HUQ","Huntingdon&rsquo;s Quarters","445"
"COS","Colonial Springs, Valley Forge","446"
"CMR","Comer Family","447"
"WIL","Wilson family","448"
"PYL","Pyle family","450"
"BUR","Burns family","451"
"EXL","Exton Lodge","452"
"HIG","Higgins Bakers, Paoli","453"
"ALL","Alleva Store","454"
"HHR","Fonzo's Harbor House Restaurant","455"
"LFM","Lancaster County Farmer's Market","456"
"GSC","Gateway Shopping Center","457"
"NCH","New Centerville Hotel","458"
"LJD","La Jonquille Development, Devon","459"
"CSC","Chesterbrook Shopping Center","460"
"CHS","Chesterbrook Shopping Center","461"
"VFMA","Valley Forge Military Academy","462"
"PFC","Paoli Fire Company","463"
"REV","Revolutionary War","464"
"VFW","Votes for Women","465"
"CUR","Currency","466"
"SCO","Boy Scouts","467"
"DBV","Devault Beaver","468"
"FFO","Freedoms Foundation","469"
"QTC","Quaker Trailer Company","470"
"LIN","Lincoln Institution","471"
"AIR","Airdrie Preserve and House","472"
"DOH","Doyle House","473"
"CTL","Contention Lane","474"
"GVC","Great Valley Corporate Center","475"
"PLB","Planebrook","476"
"EHT","Ehret Asbestos Company","477"
"GRF","Graff estate","478"
"LYM","Lyman estate","479"
"PAI","Paine Estate, Yellow Springs Road","480"
"RIC","Rickabaugh Farm","481"
"NMA","North Malvern","482"
"VFG","Valley Forge Golf Course","483"
"WKR","Walker road","484"
"WNR","Warner road","485"
"WWY","West Wayne","486"
"BBI","Black Bear Inn","487"
